first_seen,last_seen,ip_address,category,attacks_count
2018-07-26 12:08:05,2018-07-26 12:08:05,196.245.217.228,Comment Spam,1
2018-07-27 04:00:24,2018-07-27 04:00:24,212.230.117.160,MS-DS Attack,1
2018-07-27 02:37:35,2018-07-27 02:37:35,212.1.64.132,MS-DS Attack,1
2018-07-27 04:48:49,2018-07-27 04:48:49,211.36.133.175,Unclassified,1
2018-07-27 05:29:27,2018-07-27 05:29:27,211.118.171.69,MS-DS Attack,1
2018-07-27 03:35:44,2018-07-27 03:35:44,210.214.170.205,MS-DS Attack,1
2018-07-27 01:16:48,2018-07-27 01:16:48,125.118.1.203,Proxy Scan,1
2018-07-27 05:02:50,2018-07-27 05:02:50,207.148.12.75,MS-DS Attack,1
2018-07-27 03:06:33,2018-07-27 03:06:33,205.209.163.159,MS-DS Attack,1
2018-07-27 02:38:39,2018-07-27 02:38:39,203.93.97.50,MS-DS Attack,1
2018-07-27 02:12:52,2018-07-27 02:12:52,91.236.143.63,MS-DS Attack,1
2018-07-27 00:40:21,2018-07-27 00:40:21,91.106.94.160,Proxy Scan,1
2018-07-27 01:31:13,2018-07-27 01:31:13,202.9.42.11,MS-DS Attack,1
2018-07-27 03:01:46,2018-07-27 03:01:46,202.80.214.228,MS-DS Attack,1
2018-07-27 03:52:38,2018-07-27 03:52:38,124.123.85.240,MS-DS Attack,1
2018-07-27 03:26:59,2018-07-27 03:26:59,202.44.238.211,MS-DS Attack,1
2018-07-27 04:51:47,2018-07-27 04:51:47,201.48.35.225,MS-DS Attack,1
2018-07-27 05:53:45,2018-07-27 05:53:45,78.209.213.190,Telnet,1
2018-07-27 02:49:44,2018-07-27 02:49:44,201.243.227.171,MS-DS Attack,1
2018-07-27 00:16:54,2018-07-27 00:16:54,201.242.84.108,MS-DS Attack,1
2018-07-27 00:28:20,2018-07-27 00:28:20,201.242.50.149,MS-DS Attack,1
2018-07-27 00:00:32,2018-07-27 00:00:32,201.242.247.2,MS-DS Attack,1
2018-07-27 03:54:49,2018-07-27 03:54:49,201.242.200.236,MS-DS Attack,1
2018-07-27 03:53:27,2018-07-27 03:53:27,201.242.196.69,MS-DS Attack,1
2018-07-27 02:20:44,2018-07-27 02:20:44,201.242.174.75,MS-DS Attack,1
2018-07-27 02:35:37,2018-07-27 02:35:37,201.242.148.31,MS-DS Attack,1
2018-07-27 04:16:33,2018-07-27 04:16:33,201.242.108.38,MS-DS Attack,1
2018-07-27 03:10:04,2018-07-27 03:10:04,201.211.72.203,MS-DS Attack,1
2018-07-27 05:55:27,2018-07-27 05:55:27,201.211.37.113,MS-DS Attack,1
2018-07-27 02:53:56,2018-07-27 02:53:56,201.210.139.5,MS-DS Attack,1
2018-07-27 02:35:36,2018-07-27 02:35:36,201.142.250.60,MS-DS Attack,1
2018-07-27 04:04:19,2018-07-27 04:04:19,61.185.117.67,Telnet,1
2018-07-27 01:42:59,2018-07-27 01:42:59,200.229.80.102,MS-DS Attack,1
2018-07-27 04:16:02,2018-07-27 04:16:02,200.158.176.68,MS-DS Attack,1
2018-07-27 05:15:23,2018-07-27 05:15:23,197.87.178.191,MS-DS Attack,1
2018-07-27 04:17:27,2018-07-27 04:17:27,197.45.101.239,MS-DS Attack,1
2018-07-27 01:14:07,2018-07-27 01:14:07,197.229.0.213,MS-DS Attack,1
2018-07-27 04:41:54,2018-07-27 04:41:54,197.128.7.248,MS-DS Attack,1
2018-07-27 02:55:44,2018-07-27 02:55:44,196.118.235.184,Unclassified,1
2018-07-27 04:54:20,2018-07-27 04:54:20,195.252.54.245,Proxy Scan,1
2018-07-27 05:10:30,2018-07-27 05:10:30,195.211.197.140,MS-DS Attack,1
2018-07-27 03:19:33,2018-07-27 03:19:33,195.154.220.114,MS-DS Attack,1
2018-07-27 01:48:39,2018-07-27 01:48:39,194.135.144.165,MS-DS Attack,1
2018-07-27 02:52:31,2018-07-27 02:52:31,49.51.200.20,Telnet,1
2018-07-27 01:23:23,2018-07-27 01:23:23,191.243.230.147,MS-DS Attack,1
2018-07-27 00:42:11,2018-07-27 00:42:11,191.193.41.149,MS-DS Attack,1
2018-07-27 01:13:24,2018-07-27 01:13:24,190.95.112.204,MS-DS Attack,1
2018-07-27 03:02:01,2018-07-27 03:02:01,190.94.231.235,MS-DS Attack,1
2018-07-27 00:36:31,2018-07-27 00:36:31,190.94.231.164,MS-DS Attack,1
2018-07-27 01:31:02,2018-07-27 01:31:02,190.79.2.235,MS-DS Attack,1
2018-07-27 04:36:41,2018-07-27 04:36:41,190.79.16.3,MS-DS Attack,1
2018-07-27 02:00:13,2018-07-27 02:00:13,190.78.85.87,MS-DS Attack,1
2018-07-27 03:12:39,2018-07-27 03:12:39,190.77.48.31,MS-DS Attack,1
2018-07-27 04:52:58,2018-07-27 04:52:58,190.74.239.208,MS-DS Attack,1
2018-07-27 03:55:41,2018-07-27 03:55:41,190.74.169.214,MS-DS Attack,1
2018-07-27 03:46:07,2018-07-27 03:46:07,190.74.124.166,MS-DS Attack,1
2018-07-27 01:17:57,2018-07-27 01:17:57,190.74.1.151,MS-DS Attack,1
2018-07-27 04:29:48,2018-07-27 04:29:48,190.73.61.156,MS-DS Attack,1
2018-07-27 03:15:22,2018-07-27 03:15:22,190.73.21.192,MS-DS Attack,1
2018-07-27 00:24:16,2018-07-27 00:24:16,190.73.19.65,MS-DS Attack,1
2018-07-27 01:55:27,2018-07-27 01:55:27,190.72.40.42,MS-DS Attack,1
2018-07-27 03:54:17,2018-07-27 03:54:17,190.72.19.128,MS-DS Attack,1
2018-07-27 02:49:00,2018-07-27 02:49:00,190.72.151.148,MS-DS Attack,1
2018-07-27 02:47:06,2018-07-27 02:47:06,190.72.147.18,MS-DS Attack,1
2018-07-27 00:22:20,2018-07-27 00:22:20,190.52.218.210,MS-DS Attack,1
2018-07-27 01:21:22,2018-07-27 01:21:22,190.39.11.151,MS-DS Attack,1
2018-07-27 04:09:01,2018-07-27 04:09:01,190.38.80.191,MS-DS Attack,1
2018-07-27 04:16:17,2018-07-27 04:16:17,190.38.58.133,MS-DS Attack,1
2018-07-27 00:13:53,2018-07-27 00:13:53,190.38.51.164,MS-DS Attack,1
2018-07-27 00:19:37,2018-07-27 00:19:37,190.38.196.217,MS-DS Attack,1
2018-07-27 05:51:10,2018-07-27 05:51:10,190.37.66.184,MS-DS Attack,1
2018-07-27 04:01:17,2018-07-27 04:01:17,190.36.37.131,MS-DS Attack,1
2018-07-27 02:48:09,2018-07-27 02:48:09,41.238.168.153,Telnet,1
2018-07-27 05:48:39,2018-07-27 05:48:39,190.207.66.224,MS-DS Attack,1
2018-07-27 03:42:19,2018-07-27 03:42:19,190.207.5.38,MS-DS Attack,1
2018-07-27 00:35:07,2018-07-27 00:35:07,41.232.3.196,Telnet,1
2018-07-27 01:53:13,2018-07-27 01:53:13,190.207.200.151,MS-DS Attack,1
2018-07-27 03:27:55,2018-07-27 03:27:55,120.132.33.162,SSH Brute Force,1
2018-07-27 03:50:26,2018-07-27 03:50:26,190.205.26.64,MS-DS Attack,1
2018-07-27 05:25:03,2018-07-27 05:25:03,190.204.157.233,MS-DS Attack,1
2018-07-27 02:36:22,2018-07-27 02:36:22,190.203.38.97,MS-DS Attack,1
2018-07-27 04:22:37,2018-07-27 04:22:37,190.202.197.125,MS-DS Attack,1
2018-07-27 04:06:31,2018-07-27 04:06:31,190.201.62.193,MS-DS Attack,1
2018-07-27 00:33:29,2018-07-27 00:33:29,190.201.12.4,MS-DS Attack,1
2018-07-27 01:11:07,2018-07-27 01:11:07,190.200.58.19,MS-DS Attack,1
2018-07-27 01:39:00,2018-07-27 01:39:00,190.198.93.230,MS-DS Attack,1
2018-07-27 02:57:40,2018-07-27 02:57:40,190.198.81.67,MS-DS Attack,1
2018-07-27 05:52:06,2018-07-27 05:52:06,190.198.77.23,MS-DS Attack,1
2018-07-27 02:25:04,2018-07-27 02:25:04,190.198.77.222,MS-DS Attack,1
2018-07-27 02:35:04,2018-07-27 02:35:04,190.198.30.102,MS-DS Attack,1
2018-07-27 02:51:13,2018-07-27 02:51:13,190.148.39.17,MS-DS Attack,1
2018-07-27 00:28:20,2018-07-27 00:28:20,189.81.133.157,MS-DS Attack,1
2018-07-27 01:50:03,2018-07-27 01:50:03,189.79.156.111,Telnet,1
2018-07-27 02:06:35,2018-07-27 02:06:35,189.41.232.82,MS-DS Attack,1
2018-07-27 02:07:48,2018-07-27 02:07:48,189.202.26.185,MS-DS Attack,1
2018-07-26 22:12:31,2018-07-26 22:12:31,90.131.201.153,Unclassified,1
2018-07-27 02:41:57,2018-07-27 02:41:57,39.88.8.162,Telnet,1
2018-07-27 01:12:13,2018-07-27 01:12:13,189.152.225.13,MS-DS Attack,1
2018-07-27 04:56:40,2018-07-27 04:56:40,189.150.199.175,MS-DS Attack,1
2018-07-27 01:50:25,2018-07-27 01:50:25,188.72.116.36,MS-DS Attack,1
2018-07-27 05:49:09,2018-07-27 05:49:09,188.71.230.83,MS-DS Attack,1
2018-07-27 05:48:47,2018-07-27 05:48:47,188.70.13.97,MS-DS Attack,1
2018-07-27 04:31:34,2018-07-27 04:31:34,188.68.112.157,MS-DS Attack,1
2018-07-26 20:28:37,2018-07-26 20:28:37,91.128.112.220,Unclassified,1
2018-07-26 22:33:31,2018-07-26 22:33:31,91.128.62.147,Unclassified,1
2018-07-27 05:49:15,2018-07-27 05:49:15,188.244.167.184,MS-DS Attack,1
2018-07-26 22:17:06,2018-07-26 22:17:06,82.79.238.212,Proxy Scan,1
2018-07-27 00:22:43,2018-07-27 00:22:43,188.190.65.147,MS-DS Attack,1
2018-07-26 18:07:06,2018-07-26 18:07:06,77.217.136.94,Unclassified,1
2018-07-26 22:38:56,2018-07-26 22:38:56,92.25.8.64,Telnet,1
2018-07-26 21:07:54,2018-07-26 21:07:54,74.99.188.241,Unclassified,1
2018-07-26 18:38:20,2018-07-26 18:38:20,59.41.69.129,Telnet,1
2018-07-26 23:22:11,2018-07-26 23:22:11,82.72.154.35,SSH Brute Force,1
2018-07-26 23:44:40,2018-07-26 23:44:40,82.209.36.90,Telnet,1
2018-07-26 21:51:50,2018-07-26 21:51:50,80.41.153.245,Proxy Scan,1
2018-07-27 02:14:00,2018-07-27 02:14:00,187.47.143.27,MS-DS Attack,1
2018-07-26 22:04:04,2018-07-26 22:04:04,93.117.7.78,Proxy Scan,1
2018-07-26 21:53:57,2018-07-26 21:53:57,78.145.48.210,Unclassified,1
2018-07-26 19:20:23,2018-07-26 19:20:23,60.178.232.224,Telnet,1
2018-07-26 18:28:27,2018-07-26 18:28:27,47.96.118.70,SSH Brute Force,1
2018-07-26 20:28:47,2018-07-26 20:28:47,80.180.29.212,Telnet,1
2018-07-27 02:10:12,2018-07-27 02:10:12,187.207.244.44,MS-DS Attack,1
2018-07-26 19:14:36,2018-07-26 19:14:36,70.183.100.205,Proxy Scan,1
2018-07-26 20:07:17,2018-07-26 20:07:17,94.240.54.129,Telnet,1
2018-07-26 23:58:15,2018-07-26 23:58:15,83.180.76.229,Unclassified,1
2018-07-26 23:10:07,2018-07-26 23:10:07,5.36.171.46,Telnet,1
2018-07-26 19:39:39,2018-07-26 19:39:39,83.23.99.53,Unclassified,1
2018-07-27 03:04:17,2018-07-27 03:04:17,2.69.114.185,Unclassified,1
2018-07-26 21:08:00,2018-07-26 21:08:00,82.135.245.226,Proxy Scan,1
2018-07-26 20:54:56,2018-07-26 20:54:56,46.1.80.56,Proxy Scan,1
2018-07-26 23:10:41,2018-07-26 23:10:41,95.237.125.173,Unclassified,1
2018-07-27 01:45:20,2018-07-27 01:45:20,187.171.59.91,MS-DS Attack,1
2018-07-26 23:55:58,2018-07-26 23:55:58,88.247.167.124,Unclassified,1
2018-07-26 18:06:06,2018-07-26 18:06:06,77.217.119.104,Unclassified,1
2018-07-27 01:09:03,2018-07-27 01:09:03,187.143.190.69,MS-DS Attack,1
2018-07-26 21:38:43,2018-07-26 21:38:43,88.148.44.100,Proxy Scan,1
2018-07-26 23:21:32,2018-07-26 23:21:32,88.253.245.155,Proxy Scan,1
2018-07-26 22:40:28,2018-07-26 22:40:28,60.162.133.80,MS-SQL Attack,1
2018-07-27 02:21:34,2018-07-27 02:21:34,186.94.92.45,MS-DS Attack,1
2018-07-26 22:21:47,2018-07-26 22:21:47,83.235.16.179,Proxy Scan,1
2018-07-27 00:18:37,2018-07-27 00:18:37,186.91.207.90,MS-DS Attack,1
2018-07-26 20:35:46,2018-07-26 20:35:46,92.38.45.133,Telnet,1
2018-07-27 02:59:20,2018-07-27 02:59:20,186.91.199.53,MS-DS Attack,1
2018-07-26 21:32:25,2018-07-26 21:32:25,41.47.246.255,Telnet,1
2018-07-27 02:13:25,2018-07-27 02:13:25,186.91.124.95,MS-DS Attack,1
2018-07-26 22:09:13,2018-07-26 22:09:13,95.238.99.144,Proxy Scan,1
2018-07-27 01:47:07,2018-07-27 01:47:07,186.91.112.25,MS-DS Attack,1
2018-07-27 02:10:20,2018-07-27 02:10:20,186.90.182.193,MS-DS Attack,1
2018-07-26 22:44:31,2018-07-26 22:44:31,41.36.252.94,Telnet,1
2018-07-26 22:32:44,2018-07-26 22:32:44,74.116.181.203,Telnet,1
2018-07-26 19:30:07,2018-07-26 19:30:07,49.51.137.114,Telnet,1
2018-07-26 21:35:57,2018-07-26 21:35:57,92.112.16.142,Proxy Scan,1
2018-07-27 00:04:36,2018-07-27 00:04:36,186.90.10.94,MS-DS Attack,1
2018-07-26 18:47:36,2018-07-26 18:47:36,49.151.149.254,Proxy Scan,1
2018-07-27 02:20:31,2018-07-27 02:20:31,186.89.74.181,MS-DS Attack,1
2018-07-26 23:12:39,2018-07-26 23:12:39,77.219.249.229,Unclassified,1
2018-07-27 04:25:48,2018-07-27 04:25:48,186.88.115.42,MS-DS Attack,1
2018-07-26 22:23:01,2018-07-26 22:23:01,76.9.231.54,Proxy Scan,1
2018-07-26 21:49:58,2018-07-26 21:49:58,91.215.48.158,Telnet,1
2018-07-27 02:16:16,2018-07-27 02:16:16,186.212.118.108,MS-DS Attack,1
2018-07-26 18:49:17,2018-07-26 18:49:17,54.175.23.103,Unclassified,1
2018-07-26 18:22:14,2018-07-26 18:22:14,96.43.255.85,Telnet,1
2018-07-26 21:15:20,2018-07-26 21:15:20,60.213.122.156,Telnet,1
2018-07-26 18:38:31,2018-07-26 18:38:31,36.81.5.202,Telnet,1
2018-07-26 22:12:53,2018-07-26 22:12:53,91.2.47.239,Telnet,1
2018-07-27 04:03:12,2018-07-27 04:03:12,223.80.27.15,Telnet,1
2018-07-26 20:27:41,2018-07-26 20:27:41,84.55.43.110,Telnet,1
2018-07-26 21:43:56,2018-07-26 21:43:56,59.57.33.154,Unclassified,1
2018-07-27 01:28:59,2018-07-27 01:28:59,185.86.155.46,MS-DS Attack,1
2018-07-26 22:31:24,2018-07-26 22:31:24,36.79.52.142,Telnet,1
2018-07-26 21:54:45,2018-07-26 21:54:45,86.62.80.203,Proxy Scan,1
2018-07-26 21:57:30,2018-07-26 21:57:30,78.131.204.230,Proxy Scan,1
2018-07-27 05:31:04,2018-07-27 05:31:04,185.74.229.152,MS-DS Attack,1
2018-07-26 20:37:41,2018-07-26 20:37:41,41.233.160.90,Telnet,1
2018-07-26 23:30:20,2018-07-26 23:30:20,89.32.157.148,Proxy Scan,1
2018-07-26 21:59:26,2018-07-26 21:59:26,2.71.213.206,Unclassified,1
2018-07-27 04:53:14,2018-07-27 04:53:14,223.80.245.234,Telnet,1
2018-07-26 19:28:44,2018-07-26 19:28:44,59.63.123.227,MySQL Attack,1
2018-07-26 23:27:54,2018-07-26 23:27:54,89.216.56.5,Proxy Scan,1
2018-07-26 23:43:55,2018-07-26 23:43:55,86.109.43.106,Telnet,1
2018-07-26 18:36:09,2018-07-26 18:36:09,93.120.197.36,Telnet,1
2018-07-26 21:34:53,2018-07-26 21:34:53,88.245.138.233,Telnet,1
2018-07-27 02:13:40,2018-07-27 02:13:40,185.234.216.126,VNC Attack,1
2018-07-26 18:52:19,2018-07-26 18:52:19,59.63.123.137,MySQL Attack,1
2018-07-26 21:14:50,2018-07-26 21:14:50,90.131.217.47,Unclassified,1
2018-07-26 20:43:35,2018-07-26 20:43:35,81.89.55.206,Telnet,1
2018-07-26 23:52:06,2018-07-26 23:52:06,58.57.166.26,FTP,1
2018-07-26 21:09:05,2018-07-26 21:09:05,47.98.42.194,Proxy Scan,1
2018-07-26 23:06:39,2018-07-26 23:06:39,89.103.40.135,Unclassified,1
2018-07-27 05:56:53,2018-07-27 05:56:53,185.162.147.79,MS-DS Attack,1
2018-07-26 22:06:45,2018-07-26 22:06:45,95.17.51.102,Unclassified,1
2018-07-26 20:19:06,2018-07-26 20:19:06,41.184.224.44,Telnet,1
2018-07-27 01:56:45,2018-07-27 01:56:45,185.118.141.11,MS-DS Attack,1
2018-07-27 01:02:47,2018-07-27 01:02:47,223.80.203.188,Telnet,1
2018-07-26 21:15:36,2018-07-26 21:15:36,58.38.163.98,Mirai,1
2018-07-26 21:03:59,2018-07-26 21:03:59,95.244.99.39,Telnet,1
2018-07-26 19:18:34,2018-07-26 19:18:34,95.247.1.225,Unclassified,1
2018-07-26 23:52:18,2018-07-26 23:52:18,78.60.133.210,Telnet,1
2018-07-26 19:38:56,2018-07-26 19:38:56,78.165.122.19,Proxy Scan,1
2018-07-27 04:03:21,2018-07-27 04:03:21,223.79.94.16,Telnet,1
2018-07-26 20:35:54,2018-07-26 20:35:54,41.235.177.56,Telnet,1
2018-07-26 23:38:10,2018-07-26 23:38:10,5.202.83.164,Telnet,1
2018-07-27 03:26:59,2018-07-27 03:26:59,183.89.2.66,MS-DS Attack,1
2018-07-26 20:45:39,2018-07-26 20:45:39,41.230.120.250,Telnet,1
2018-07-27 04:58:43,2018-07-27 04:58:43,183.89.153.249,MS-DS Attack,1
2018-07-26 21:00:56,2018-07-26 21:00:56,64.95.243.111,Unclassified,1
2018-07-26 23:32:50,2018-07-26 23:32:50,42.2.166.208,Unclassified,1
2018-07-26 21:28:45,2018-07-26 21:28:45,96.9.90.67,Telnet,1
2018-07-27 01:49:53,2018-07-27 01:49:53,223.78.141.189,Telnet,1
2018-07-26 20:06:35,2018-07-26 20:06:35,83.208.45.59,Telnet,1
2018-07-26 18:56:51,2018-07-26 18:56:51,81.178.247.27,Unclassified,1
2018-07-27 05:26:29,2018-07-27 05:26:29,183.88.155.121,MS-DS Attack,1
2018-07-26 19:49:56,2018-07-26 19:49:56,95.132.0.201,Telnet,1
2018-07-26 20:38:55,2018-07-26 20:38:55,94.228.227.202,SSH Brute Force,1
2018-07-26 21:51:46,2018-07-26 21:51:46,95.249.56.243,Proxy Scan,1
2018-07-26 18:24:33,2018-07-26 18:24:33,77.240.33.29,Proxy Scan,1
2018-07-26 22:14:16,2018-07-26 22:14:16,36.77.94.64,Telnet,1
2018-07-26 19:31:21,2018-07-26 19:31:21,79.132.200.166,Proxy Scan,1
2018-07-27 00:20:05,2018-07-27 00:20:05,183.82.251.114,MS-DS Attack,1
2018-07-27 01:30:29,2018-07-27 01:30:29,183.82.175.93,MS-DS Attack,1
2018-07-26 21:45:53,2018-07-26 21:45:53,58.49.170.245,Mirai,1
2018-07-26 18:06:07,2018-07-26 18:06:07,91.131.184.140,Unclassified,1
2018-07-27 05:58:09,2018-07-27 05:58:09,183.81.125.147,MS-DS Attack,1
2018-07-26 18:28:33,2018-07-26 18:28:33,60.186.30.161,SSH Brute Force,1
2018-07-26 21:46:44,2018-07-26 21:46:44,78.185.195.163,Proxy Scan,1
2018-07-26 22:56:36,2018-07-26 22:56:36,41.143.0.72,Telnet,1
2018-07-27 04:58:58,2018-07-27 04:58:58,183.80.50.74,MS-DS Attack,1
2018-07-27 03:59:36,2018-07-27 03:59:36,183.182.121.236,MS-DS Attack,1
2018-07-26 22:13:30,2018-07-26 22:13:30,83.20.20.67,Telnet,1
2018-07-26 19:38:47,2018-07-26 19:38:47,78.165.71.54,Postfix,1
2018-07-26 22:29:54,2018-07-26 22:29:54,89.249.244.189,Proxy Scan,1
2018-07-26 19:51:15,2018-07-26 19:51:15,59.60.209.202,Unclassified,1
2018-07-26 22:57:25,2018-07-26 22:57:25,77.48.91.180,Proxy Scan,1
2018-07-26 23:16:40,2018-07-26 23:16:40,78.63.217.51,Telnet,1
2018-07-26 20:29:09,2018-07-26 20:29:09,36.107.213.182,Unclassified,1
2018-07-26 18:09:18,2018-07-26 18:09:18,84.247.144.85,Proxy Scan,1
2018-07-27 04:09:05,2018-07-27 04:09:05,182.52.213.108,MS-DS Attack,1
2018-07-26 21:43:39,2018-07-26 21:43:39,93.174.164.61,Telnet,1
2018-07-27 03:34:19,2018-07-27 03:34:19,182.50.26.2,MS-DS Attack,1
2018-07-26 22:47:54,2018-07-26 22:47:54,91.207.191.170,Telnet,1
2018-07-26 22:06:30,2018-07-26 22:06:30,76.14.12.52,Unclassified,1
2018-07-26 20:12:12,2018-07-26 20:12:12,223.81.62.137,Telnet,1
2018-07-26 18:26:55,2018-07-26 18:26:55,27.45.109.63,Unclassified,1
2018-07-26 19:13:10,2018-07-26 19:13:10,41.253.17.239,SSH Brute Force,1
2018-07-26 19:01:08,2018-07-26 19:01:08,49.116.60.44,Telnet,1
2018-07-26 23:18:39,2018-07-26 23:18:39,84.254.17.57,Telnet,1
2018-07-27 05:53:53,2018-07-27 05:53:53,182.253.141.107,MS-DS Attack,1
2018-07-26 20:50:38,2018-07-26 20:50:38,41.237.39.166,Telnet,1
2018-07-27 03:44:58,2018-07-27 03:44:58,182.253.131.58,MS-DS Attack,1
2018-07-26 22:50:22,2018-07-26 22:50:22,58.11.9.200,Unclassified,1
2018-07-26 18:40:07,2018-07-26 18:40:07,83.21.113.26,Telnet,1
2018-07-26 22:46:39,2018-07-26 22:46:39,62.99.47.196,Proxy Scan,1
2018-07-26 20:54:03,2018-07-26 20:54:03,88.148.41.33,Proxy Scan,1
2018-07-26 23:20:41,2018-07-26 23:20:41,85.166.89.120,Proxy Scan,1
2018-07-26 19:10:38,2018-07-26 19:10:38,45.4.254.163,Telnet,1
2018-07-26 19:57:33,2018-07-26 19:57:33,81.170.198.61,Unclassified,1
2018-07-26 21:26:46,2018-07-26 21:26:46,70.45.203.35,Unclassified,1
2018-07-27 04:35:03,2018-07-27 04:35:03,182.186.246.76,MS-DS Attack,1
2018-07-26 23:08:32,2018-07-26 23:08:32,87.98.218.94,MS-DS Attack,1
2018-07-26 22:40:21,2018-07-26 22:40:21,83.147.220.237,Proxy Scan,1
2018-07-26 19:54:31,2018-07-26 19:54:31,39.85.132.253,Telnet,1
2018-07-27 02:00:33,2018-07-27 02:00:33,181.94.128.42,MS-DS Attack,1
2018-07-26 20:59:34,2018-07-26 20:59:34,223.81.9.139,Telnet,1
2018-07-26 21:34:53,2018-07-26 21:34:53,52.87.186.157,Unclassified,1
2018-07-26 22:45:59,2018-07-26 22:45:59,223.79.192.123,Telnet,1
2018-07-26 23:15:54,2018-07-26 23:15:54,79.166.110.159,Telnet,1
2018-07-26 21:52:49,2018-07-26 21:52:49,223.80.206.61,Telnet,1
2018-07-26 21:13:05,2018-07-26 21:13:05,223.79.114.83,Telnet,1
2018-07-26 19:34:15,2018-07-26 19:34:15,91.109.152.76,Telnet,1
2018-07-26 19:27:32,2018-07-26 19:27:32,5.138.114.129,Telnet,1
2018-07-26 21:44:04,2018-07-26 21:44:04,80.92.231.250,Proxy Scan,1
2018-07-26 19:03:09,2018-07-26 19:03:09,31.181.135.75,Proxy Scan,1
2018-07-27 00:23:31,2018-07-27 00:23:31,180.57.255.14,MS-DS Attack,1
2018-07-26 20:58:42,2018-07-26 20:58:42,213.184.251.136,Postfix,1
2018-07-27 02:58:43,2018-07-27 02:58:43,180.253.86.203,MS-DS Attack,1
2018-07-26 18:12:36,2018-07-26 18:12:36,201.26.66.56,Telnet,1
2018-07-27 03:31:52,2018-07-27 03:31:52,180.252.53.1,MS-DS Attack,1
2018-07-26 23:14:16,2018-07-26 23:14:16,41.184.183.123,Telnet,1
2018-07-27 05:11:29,2018-07-27 05:11:29,180.252.104.70,MS-DS Attack,1
2018-07-26 21:23:37,2018-07-26 21:23:37,74.135.13.105,Telnet,1
2018-07-26 21:23:53,2018-07-26 21:23:53,223.16.32.27,Unclassified,1
2018-07-27 03:03:15,2018-07-27 03:03:15,180.251.253.197,MS-DS Attack,1
2018-07-26 19:08:59,2018-07-26 19:08:59,223.80.211.24,Telnet,1
2018-07-26 19:57:14,2018-07-26 19:57:14,61.154.90.162,Unclassified,1
2018-07-26 18:08:46,2018-07-26 18:08:46,220.137.128.227,Unclassified,1
2018-07-27 02:26:53,2018-07-27 02:26:53,180.249.89.113,MS-DS Attack,1
2018-07-26 21:36:07,2018-07-26 21:36:07,36.85.48.64,Proxy Scan,1
2018-07-26 21:53:24,2018-07-26 21:53:24,223.144.149.232,MS-SQL Attack,1
2018-07-27 04:14:39,2018-07-27 04:14:39,180.246.47.190,MS-DS Attack,1
2018-07-26 18:06:24,2018-07-26 18:06:24,83.147.235.254,Proxy Scan,1
2018-07-27 03:14:07,2018-07-27 03:14:07,180.243.250.121,MS-DS Attack,1
2018-07-27 05:01:15,2018-07-27 05:01:15,180.242.12.177,MS-DS Attack,1
2018-07-27 01:53:28,2018-07-27 01:53:28,180.183.41.232,MS-DS Attack,1
2018-07-27 05:33:05,2018-07-27 05:33:05,180.177.24.108,MS-DS Attack,1
2018-07-26 22:36:14,2018-07-26 22:36:14,65.48.165.228,Telnet,1
2018-07-27 02:08:51,2018-07-27 02:08:51,179.33.0.106,MS-DS Attack,1
2018-07-27 04:05:50,2018-07-27 04:05:50,179.28.220.167,MS-DS Attack,1
2018-07-26 20:48:47,2018-07-26 20:48:47,95.70.76.113,SSH Brute Force,1
2018-07-26 23:12:38,2018-07-26 23:12:38,85.182.57.7,Telnet,1
2018-07-26 18:51:42,2018-07-26 18:51:42,41.47.201.95,Telnet,1
2018-07-27 05:18:52,2018-07-27 05:18:52,179.183.217.21,MS-DS Attack,1
2018-07-27 00:42:39,2018-07-27 00:42:39,179.182.172.230,MS-DS Attack,1
2018-07-26 20:47:46,2018-07-26 20:47:46,60.210.36.112,Telnet,1
2018-07-26 19:18:38,2018-07-26 19:18:38,211.36.146.213,Unclassified,1
2018-07-27 02:44:47,2018-07-27 02:44:47,179.162.13.242,MS-DS Attack,1
2018-07-27 04:29:31,2018-07-27 04:29:31,179.162.100.166,MS-DS Attack,1
2018-07-26 19:45:40,2018-07-26 19:45:40,74.116.180.18,Proxy Scan,1
2018-07-26 20:15:21,2018-07-26 20:15:21,41.237.73.20,Telnet,1
2018-07-26 21:27:12,2018-07-26 21:27:12,223.81.59.26,Telnet,1
2018-07-27 05:43:49,2018-07-27 05:43:49,178.65.3.4,MS-DS Attack,1
2018-07-26 19:31:28,2018-07-26 19:31:28,222.246.246.230,Telnet,1
2018-07-27 01:44:52,2018-07-27 01:44:52,178.47.28.100,MS-DS Attack,1
2018-07-26 22:22:27,2018-07-26 22:22:27,41.233.223.216,Telnet,1
2018-07-26 22:01:56,2018-07-26 22:01:56,42.230.7.78,Telnet,1
2018-07-26 23:53:28,2018-07-26 23:53:28,41.37.16.54,Telnet,1
2018-07-26 23:15:53,2018-07-26 23:15:53,202.62.56.191,Telnet,1
2018-07-26 19:48:59,2018-07-26 19:48:59,27.218.100.248,Telnet,1
2018-07-26 22:33:50,2018-07-26 22:33:50,84.54.146.208,Proxy Scan,1
2018-07-26 22:13:22,2018-07-26 22:13:22,61.140.112.65,MS-SQL Attack,1
2018-07-26 23:34:11,2018-07-26 23:34:11,77.217.233.176,Unclassified,1
2018-07-27 04:36:54,2018-07-27 04:36:54,178.133.64.8,MS-DS Attack,1
2018-07-26 21:44:33,2018-07-26 21:44:33,41.252.55.22,SSH Brute Force,1
2018-07-26 18:27:33,2018-07-26 18:27:33,218.246.82.209,SSH Brute Force,1
2018-07-26 22:57:40,2018-07-26 22:57:40,27.214.119.103,Telnet,1
2018-07-26 18:47:24,2018-07-26 18:47:24,89.169.48.244,Proxy Scan,1
2018-07-26 22:03:45,2018-07-26 22:03:45,80.34.98.90,Telnet,1
2018-07-26 23:25:19,2018-07-26 23:25:19,60.186.134.114,Unclassified,1
2018-07-27 01:27:11,2018-07-27 01:27:11,177.97.137.212,MS-DS Attack,1
2018-07-26 22:05:10,2018-07-26 22:05:10,223.175.48.164,Telnet,1
2018-07-26 22:58:11,2018-07-26 22:58:11,223.78.165.142,Telnet,1
2018-07-26 20:39:13,2018-07-26 20:39:13,211.36.147.223,Unclassified,1
2018-07-26 19:22:36,2018-07-26 19:22:36,41.147.16.14,Unclassified,1
2018-07-26 23:01:36,2018-07-26 23:01:36,88.148.118.208,Telnet,1
2018-07-26 20:37:38,2018-07-26 20:37:38,82.78.25.65,Telnet,1
2018-07-26 23:48:15,2018-07-26 23:48:15,211.36.144.23,Unclassified,1
2018-07-26 21:37:59,2018-07-26 21:37:59,81.23.118.106,Telnet,1
2018-07-27 00:09:22,2018-07-27 00:09:22,177.204.19.42,MS-DS Attack,1
2018-07-27 03:40:43,2018-07-27 03:40:43,177.200.89.73,MS-DS Attack,1
2018-07-26 21:14:16,2018-07-26 21:14:16,222.61.95.157,Telnet,1
2018-07-26 21:31:12,2018-07-26 21:31:12,211.36.130.25,Unclassified,1
2018-07-26 20:50:54,2018-07-26 20:50:54,223.81.42.252,Telnet,1
2018-07-27 01:43:59,2018-07-27 01:43:59,177.157.65.101,MS-DS Attack,1
2018-07-26 19:15:06,2018-07-26 19:15:06,92.255.202.239,Proxy Scan,1
2018-07-26 20:26:36,2018-07-26 20:26:36,79.245.207.176,Telnet,1
2018-07-27 05:40:23,2018-07-27 05:40:23,177.157.192.142,MS-DS Attack,1
2018-07-26 22:04:18,2018-07-26 22:04:18,54.163.120.64,Unclassified,1
2018-07-26 20:26:40,2018-07-26 20:26:40,41.184.172.90,Telnet,1
2018-07-26 22:14:42,2018-07-26 22:14:42,41.239.48.244,Telnet,1
2018-07-26 19:00:02,2018-07-26 19:00:02,5.34.154.7,SSH Brute Force,1
2018-07-26 20:31:44,2018-07-26 20:31:44,221.221.82.68,Telnet,1
2018-07-26 19:47:34,2018-07-26 19:47:34,49.71.156.39,Unclassified,1
2018-07-27 00:25:18,2018-07-27 00:25:18,177.135.43.229,MS-DS Attack,1
2018-07-26 23:25:51,2018-07-26 23:25:51,221.159.218.251,Unclassified,1
2018-07-26 23:45:06,2018-07-26 23:45:06,42.62.6.233,Telnet,1
2018-07-26 19:55:49,2018-07-26 19:55:49,84.43.174.149,Telnet,1
2018-07-26 20:34:52,2018-07-26 20:34:52,54.224.187.170,Unclassified,1
2018-07-26 23:02:11,2018-07-26 23:02:11,86.109.37.152,Telnet,1
2018-07-27 02:56:49,2018-07-27 02:56:49,177.107.195.217,MS-DS Attack,1
2018-07-27 03:55:02,2018-07-27 03:55:02,177.106.152.11,MS-DS Attack,1
2018-07-26 19:20:29,2018-07-26 19:20:29,219.85.140.243,Unclassified,1
2018-07-26 19:54:21,2018-07-26 19:54:21,79.18.43.108,Proxy Scan,1
2018-07-26 18:41:36,2018-07-26 18:41:36,39.64.189.36,Telnet,1
2018-07-26 20:55:28,2018-07-26 20:55:28,5.27.208.253,Unclassified,1
2018-07-26 20:58:14,2018-07-26 20:58:14,5.201.131.34,Unclassified,1
2018-07-27 05:03:23,2018-07-27 05:03:23,176.239.70.191,Unclassified,1
2018-07-26 23:13:58,2018-07-26 23:13:58,37.254.77.161,Proxy Scan,1
2018-07-26 21:04:33,2018-07-26 21:04:33,41.236.54.156,Telnet,1
2018-07-27 05:47:12,2018-07-27 05:47:12,176.237.76.230,Unclassified,1
2018-07-27 03:10:30,2018-07-27 03:10:30,176.217.105.107,MS-DS Attack,1
2018-07-26 20:16:01,2018-07-26 20:16:01,45.230.101.64,Proxy Scan,1
2018-07-27 04:30:12,2018-07-27 04:30:12,176.195.95.187,MS-DS Attack,1
2018-07-26 18:03:52,2018-07-26 18:03:52,46.246.185.196,Telnet,1
2018-07-26 20:00:32,2018-07-26 20:00:32,41.60.237.170,Proxy Scan,1
2018-07-26 18:57:10,2018-07-26 18:57:10,36.68.71.13,Proxy Scan,1
2018-07-27 02:46:38,2018-07-27 02:46:38,176.14.244.21,MS-DS Attack,1
2018-07-27 02:22:54,2018-07-27 02:22:54,114.37.134.117,MS-DS Attack,1
2018-07-26 22:08:12,2018-07-26 22:08:12,211.36.157.3,Unclassified,1
2018-07-26 21:42:54,2018-07-26 21:42:54,41.43.32.62,Telnet,1
2018-07-26 19:03:28,2018-07-26 19:03:28,41.147.61.233,Unclassified,1
2018-07-26 18:28:39,2018-07-26 18:28:39,90.10.218.57,Unclassified,1
2018-07-26 22:40:48,2018-07-26 22:40:48,27.9.136.42,SSH Brute Force,1
2018-07-26 20:52:55,2018-07-26 20:52:55,41.184.169.106,Telnet,1
2018-07-26 19:38:00,2018-07-26 19:38:00,89.164.28.63,Unclassified,1
2018-07-26 21:44:34,2018-07-26 21:44:34,89.205.9.32,Telnet,1
2018-07-26 20:37:32,2018-07-26 20:37:32,36.67.215.147,Telnet,1
2018-07-26 18:12:15,2018-07-26 18:12:15,221.227.111.82,Telnet,1
2018-07-27 00:12:05,2018-07-27 00:12:05,173.208.251.138,MS-DS Attack,1
2018-07-27 00:09:53,2018-07-27 00:09:53,173.193.214.104,MS-DS Attack,1
2018-07-26 21:42:44,2018-07-26 21:42:44,78.165.101.118,Telnet,1
2018-07-26 20:36:24,2018-07-26 20:36:24,59.34.77.63,MS-SQL Attack,1
2018-07-27 01:04:22,2018-07-27 01:04:22,114.221.125.138,Unclassified,1
2018-07-26 20:53:12,2018-07-26 20:53:12,42.2.98.91,Unclassified,1
2018-07-26 18:56:51,2018-07-26 18:56:51,5.226.50.170,Proxy Scan,1
2018-07-26 18:16:56,2018-07-26 18:16:56,88.247.107.44,Telnet,1
2018-07-26 22:16:53,2018-07-26 22:16:53,187.57.158.227,Telnet,1
2018-07-26 22:33:53,2018-07-26 22:33:53,222.42.213.236,Telnet,1
2018-07-26 20:14:01,2018-07-26 20:14:01,218.64.28.37,MS-SQL Attack,1
2018-07-27 05:14:23,2018-07-27 05:14:23,171.5.213.192,MS-DS Attack,1
2018-07-26 21:53:57,2018-07-26 21:53:57,79.230.148.193,SSH Brute Force,1
2018-07-26 21:46:44,2018-07-26 21:46:44,41.234.179.250,Telnet,1
2018-07-26 18:48:18,2018-07-26 18:48:18,2.68.239.157,Unclassified,1
2018-07-26 19:45:07,2018-07-26 19:45:07,77.216.254.81,Unclassified,1
2018-07-26 21:29:47,2018-07-26 21:29:47,58.253.12.221,Unclassified,1
2018-07-27 03:39:04,2018-07-27 03:39:04,171.251.115.26,MS-DS Attack,1
2018-07-27 01:12:22,2018-07-27 01:12:22,201.69.112.15,Proxy Scan,1
2018-07-27 03:35:40,2018-07-27 03:35:40,171.238.157.214,MS-DS Attack,1
2018-07-26 20:15:56,2018-07-26 20:15:56,54.67.83.157,Unclassified,1
2018-07-26 20:00:48,2018-07-26 20:00:48,41.47.43.86,Telnet,1
2018-07-26 23:12:49,2018-07-26 23:12:49,223.97.200.240,Telnet,1
2018-07-26 19:17:42,2018-07-26 19:17:42,79.188.20.254,Proxy Scan,1
2018-07-27 03:43:06,2018-07-27 03:43:06,171.234.131.93,MS-DS Attack,1
2018-07-26 22:04:30,2018-07-26 22:04:30,46.73.0.231,Proxy Scan,1
2018-07-26 20:28:17,2018-07-26 20:28:17,5.78.74.248,RDP Attack,1
2018-07-27 05:28:27,2018-07-27 05:28:27,171.233.36.206,MS-DS Attack,1
2018-07-26 18:04:32,2018-07-26 18:04:32,58.153.90.35,Unclassified,1
2018-07-26 21:52:08,2018-07-26 21:52:08,36.182.156.205,Telnet,1
2018-07-26 20:08:07,2018-07-26 20:08:07,54.241.143.3,Unclassified,1
2018-07-26 18:46:41,2018-07-26 18:46:41,41.233.56.33,Telnet,1
2018-07-26 22:28:25,2018-07-26 22:28:25,49.51.196.224,Telnet,1
2018-07-27 05:59:11,2018-07-27 05:59:11,201.159.207.194,Proxy Scan,1
2018-07-26 23:45:38,2018-07-26 23:45:38,76.70.252.217,SSH Brute Force,1
2018-07-26 20:57:17,2018-07-26 20:57:17,211.222.87.74,Unclassified,1
2018-07-26 21:11:53,2018-07-26 21:11:53,41.238.248.140,SSH Brute Force,1
2018-07-26 23:44:13,2018-07-26 23:44:13,223.153.3.10,Telnet,1
2018-07-27 03:44:39,2018-07-27 03:44:39,171.224.248.66,MS-DS Attack,1
2018-07-27 00:25:09,2018-07-27 00:25:09,171.221.116.43,MS-DS Attack,1
2018-07-26 23:48:02,2018-07-26 23:48:02,41.146.86.249,Unclassified,1
2018-07-26 20:42:46,2018-07-26 20:42:46,37.28.244.170,Telnet,1
2018-07-26 18:58:25,2018-07-26 18:58:25,41.151.124.28,Unclassified,1
2018-07-27 01:11:26,2018-07-27 01:11:26,169.0.229.212,MS-DS Attack,1
2018-07-26 18:04:56,2018-07-26 18:04:56,94.233.2.60,Proxy Scan,1
2018-07-26 19:40:12,2018-07-26 19:40:12,37.35.68.195,Proxy Scan,1
2018-07-26 18:20:42,2018-07-26 18:20:42,223.79.80.138,Telnet,1
2018-07-26 19:22:43,2018-07-26 19:22:43,5.170.72.246,Unclassified,1
2018-07-26 19:01:30,2018-07-26 19:01:30,45.219.20.229,Unclassified,1
2018-07-27 05:18:08,2018-07-27 05:18:08,168.167.18.137,Telnet,1
2018-07-27 00:04:33,2018-07-27 00:04:33,197.39.209.100,Proxy Scan,1
2018-07-26 21:02:44,2018-07-26 21:02:44,76.67.2.29,Telnet,1
2018-07-26 18:47:52,2018-07-26 18:47:52,223.79.78.194,Telnet,1
2018-07-26 21:04:02,2018-07-26 21:04:02,73.153.197.90,Telnet,1
2018-07-26 21:15:10,2018-07-26 21:15:10,27.20.124.224,Telnet,1
2018-07-27 03:45:05,2018-07-27 03:45:05,197.242.14.66,Unclassified,1
2018-07-26 21:11:42,2018-07-26 21:11:42,37.114.174.105,SSH Brute Force,1
2018-07-26 20:18:23,2018-07-26 20:18:23,54.198.134.221,Unclassified,1
2018-07-26 22:52:54,2018-07-26 22:52:54,27.203.132.171,Telnet,1
2018-07-26 19:26:25,2018-07-26 19:26:25,84.242.189.182,Proxy Scan,1
2018-07-26 23:23:04,2018-07-26 23:23:04,222.41.188.180,Telnet,1
2018-07-26 21:09:04,2018-07-26 21:09:04,49.51.11.237,Telnet,1
2018-07-26 23:30:40,2018-07-26 23:30:40,31.203.9.211,Unclassified,1
2018-07-26 22:25:14,2018-07-26 22:25:14,52.28.64.109,RDP Attack,1
2018-07-27 05:23:48,2018-07-27 05:23:48,159.192.220.72,MS-DS Attack,1
2018-07-26 20:08:07,2018-07-26 20:08:07,41.234.193.144,Telnet,1
2018-07-27 05:55:01,2018-07-27 05:55:01,157.34.3.84,MS-DS Attack,1
2018-07-26 19:58:53,2018-07-26 19:58:53,197.129.142.190,Unclassified,1
2018-07-26 21:50:39,2018-07-26 21:50:39,45.232.154.164,Proxy Scan,1
2018-07-26 22:30:46,2018-07-26 22:30:46,37.158.149.4,Unclassified,1
2018-07-26 18:36:05,2018-07-26 18:36:05,35.237.47.179,RDP Attack,1
2018-07-27 05:39:22,2018-07-27 05:39:22,1.54.67.45,MS-DS Attack,1
2018-07-26 21:12:28,2018-07-26 21:12:28,61.48.130.38,Telnet,1
2018-07-27 04:03:22,2018-07-27 04:03:22,1.54.44.243,MS-DS Attack,1
2018-07-26 19:33:45,2018-07-26 19:33:45,5.27.4.26,Unclassified,1
2018-07-26 19:37:16,2018-07-26 19:37:16,37.8.65.65,SIP,1
2018-07-27 04:38:31,2018-07-27 04:38:31,1.54.214.57,MS-DS Attack,1
2018-07-27 03:59:40,2018-07-27 03:59:40,1.54.209.211,MS-DS Attack,1
2018-07-26 19:59:12,2018-07-26 19:59:12,46.25.140.65,SSH Brute Force,1
2018-07-27 04:02:38,2018-07-27 04:02:38,153.141.102.67,MS-DS Attack,1
2018-07-26 22:23:01,2018-07-26 22:23:01,46.175.25.115,Telnet,1
2018-07-26 18:21:12,2018-07-26 18:21:12,41.87.29.214,Proxy Scan,1
2018-07-26 23:43:21,2018-07-26 23:43:21,195.69.122.2,Proxy Scan,1
2018-07-26 22:41:19,2018-07-26 22:41:19,41.233.187.142,Telnet,1
2018-07-26 23:32:25,2018-07-26 23:32:25,42.3.7.159,Unclassified,1
2018-07-26 23:46:30,2018-07-26 23:46:30,54.146.228.121,Proxy Scan,1
2018-07-26 21:27:13,2018-07-26 21:27:13,191.201.74.114,SSH Brute Force,1
2018-07-26 23:45:14,2018-07-26 23:45:14,202.95.147.62,Proxy Scan,1
2018-07-26 21:50:07,2018-07-26 21:50:07,78.183.87.106,Telnet,1
2018-07-27 01:06:32,2018-07-27 01:06:32,195.168.35.19,Telnet,1
2018-07-26 22:28:19,2018-07-26 22:28:19,31.163.100.59,Telnet,1
2018-07-26 18:07:32,2018-07-26 18:07:32,5.236.181.103,Telnet,1
2018-07-26 19:28:17,2018-07-26 19:28:17,201.68.245.130,Proxy Scan,1
2018-07-26 21:29:36,2018-07-26 21:29:36,190.91.124.233,Unclassified,1
2018-07-27 03:16:55,2018-07-27 03:16:55,144.202.87.209,MS-DS Attack,1
2018-07-26 18:14:12,2018-07-26 18:14:12,42.237.14.163,Telnet,1
2018-07-26 18:09:28,2018-07-26 18:09:28,200.148.34.50,Proxy Scan,1
2018-07-26 19:18:44,2018-07-26 19:18:44,41.239.8.254,Telnet,1
2018-07-26 19:40:39,2018-07-26 19:40:39,27.50.160.30,Telnet,1
2018-07-26 20:54:56,2018-07-26 20:54:56,36.238.9.41,Telnet,1
2018-07-26 20:12:08,2018-07-26 20:12:08,60.219.139.245,Telnet,1
2018-07-26 19:46:03,2018-07-26 19:46:03,42.225.81.116,Telnet,1
2018-07-27 03:05:13,2018-07-27 03:05:13,14.245.230.78,MS-DS Attack,1
2018-07-27 04:20:43,2018-07-27 04:20:43,190.73.150.37,MS-DS Attack,1
2018-07-26 19:43:58,2018-07-26 19:43:58,27.209.133.191,Telnet,1
2018-07-26 20:47:16,2018-07-26 20:47:16,27.8.23.251,Telnet,1
2018-07-27 01:48:36,2018-07-27 01:48:36,14.240.186.63,MS-DS Attack,1
2018-07-26 22:05:11,2018-07-26 22:05:11,222.37.184.188,Telnet,1
2018-07-26 20:07:14,2018-07-26 20:07:14,223.80.241.206,Telnet,1
2018-07-27 04:49:24,2018-07-27 04:49:24,112.134.156.37,Unclassified,1
2018-07-26 21:39:34,2018-07-26 21:39:34,2.186.121.197,Telnet,1
2018-07-26 23:38:36,2018-07-26 23:38:36,223.80.211.250,Telnet,1
2018-07-27 05:56:13,2018-07-27 05:56:13,14.231.130.107,MS-DS Attack,1
2018-07-26 23:25:54,2018-07-26 23:25:54,54.67.48.12,Proxy Scan,1
2018-07-27 00:19:32,2018-07-27 00:19:32,14.231.10.107,MS-DS Attack,1
2018-07-27 04:43:11,2018-07-27 04:43:11,14.228.82.153,MS-DS Attack,1
2018-07-27 00:45:39,2018-07-27 00:45:39,14.228.250.101,MS-DS Attack,1
2018-07-26 20:54:18,2018-07-26 20:54:18,5.234.155.254,Proxy Scan,1
2018-07-26 21:50:41,2018-07-26 21:50:41,202.182.52.227,Proxy Scan,1
2018-07-26 22:29:19,2018-07-26 22:29:19,24.233.198.69,Unclassified,1
2018-07-26 23:45:43,2018-07-26 23:45:43,54.92.204.112,Proxy Scan,1
2018-07-27 00:53:36,2018-07-27 00:53:36,14.207.103.94,MS-DS Attack,1
2018-07-26 20:32:07,2018-07-26 20:32:07,2.69.253.93,Unclassified,1
2018-07-27 00:05:09,2018-07-27 00:05:09,14.207.101.254,MS-DS Attack,1
2018-07-27 05:19:43,2018-07-27 05:19:43,189.68.219.13,Telnet,1
2018-07-26 22:00:41,2018-07-26 22:00:41,41.45.11.239,Telnet,1
2018-07-26 18:18:50,2018-07-26 18:18:50,49.51.198.220,Telnet,1
2018-07-27 02:34:44,2018-07-27 02:34:44,14.190.70.253,MS-DS Attack,1
2018-07-26 21:15:22,2018-07-26 21:15:22,222.82.63.49,Socks Scan,1
2018-07-27 04:36:00,2018-07-27 04:36:00,14.189.77.180,MS-DS Attack,1
2018-07-26 23:18:34,2018-07-26 23:18:34,41.234.187.229,Telnet,1
2018-07-26 22:57:01,2018-07-26 22:57:01,188.163.44.150,Proxy Scan,1
2018-07-27 04:49:29,2018-07-27 04:49:29,14.189.107.72,MS-DS Attack,1
2018-07-26 20:57:58,2018-07-26 20:57:58,200.196.43.71,Telnet,1
2018-07-26 21:38:09,2018-07-26 21:38:09,5.35.221.127,Telnet,1
2018-07-27 00:48:00,2018-07-27 00:48:00,14.188.224.88,MS-DS Attack,1
2018-07-26 23:59:04,2018-07-26 23:59:04,2.67.143.42,Unclassified,1
2018-07-27 03:39:19,2018-07-27 03:39:19,14.187.177.184,MS-DS Attack,1
2018-07-26 19:09:51,2018-07-26 19:09:51,41.113.117.242,Unclassified,1
2018-07-27 04:29:56,2018-07-27 04:29:56,14.185.80.74,MS-DS Attack,1
2018-07-26 23:50:24,2018-07-26 23:50:24,218.250.208.165,Unclassified,1
2018-07-27 05:26:03,2018-07-27 05:26:03,14.183.72.44,MS-DS Attack,1
2018-07-27 02:13:01,2018-07-27 02:13:01,14.182.216.235,MS-DS Attack,1
2018-07-26 21:32:09,2018-07-26 21:32:09,211.36.149.151,Unclassified,1
2018-07-27 03:25:40,2018-07-27 03:25:40,14.181.68.31,MS-DS Attack,1
2018-07-26 23:02:37,2018-07-26 23:02:37,223.81.4.103,Telnet,1
2018-07-27 01:23:32,2018-07-27 01:23:32,187.115.251.255,MS-DS Attack,1
2018-07-26 23:03:49,2018-07-26 23:03:49,46.34.170.89,Proxy Scan,1
2018-07-26 19:22:50,2018-07-26 19:22:50,187.75.80.70,Proxy Scan,1
2018-07-26 23:11:29,2018-07-26 23:11:29,219.77.11.161,Unclassified,1
2018-07-26 23:18:20,2018-07-26 23:18:20,60.209.10.102,MS-SQL Attack,1
2018-07-26 18:41:05,2018-07-26 18:41:05,222.93.16.11,Telnet,1
2018-07-26 19:05:42,2018-07-26 19:05:42,27.124.179.116,Unclassified,1
2018-07-27 02:13:04,2018-07-27 02:13:04,14.177.146.53,MS-DS Attack,1
2018-07-26 21:55:14,2018-07-26 21:55:14,221.197.36.208,Unclassified,1
2018-07-27 05:42:59,2018-07-27 05:42:59,14.174.46.145,MS-DS Attack,1
2018-07-26 23:51:25,2018-07-26 23:51:25,180.122.188.102,Unclassified,1
2018-07-26 20:20:32,2018-07-26 20:20:32,218.59.65.233,Telnet,1
2018-07-26 20:21:46,2018-07-26 20:21:46,42.235.209.254,Telnet,1
2018-07-26 22:26:30,2018-07-26 22:26:30,41.46.130.225,Telnet,1
2018-07-26 23:18:03,2018-07-26 23:18:03,222.95.220.97,Mirai,1
2018-07-27 04:09:38,2018-07-27 04:09:38,14.170.78.195,MS-DS Attack,1
2018-07-27 00:04:13,2018-07-27 00:04:13,14.170.144.76,MS-DS Attack,1
2018-07-27 03:04:27,2018-07-27 03:04:27,14.170.13.123,MS-DS Attack,1
2018-07-27 03:23:41,2018-07-27 03:23:41,14.169.87.151,MS-DS Attack,1
2018-07-26 23:52:33,2018-07-26 23:52:33,36.68.122.222,Proxy Scan,1
2018-07-27 03:07:32,2018-07-27 03:07:32,14.169.184.229,MS-DS Attack,1
2018-07-26 20:08:43,2018-07-26 20:08:43,211.36.148.56,Unclassified,1
2018-07-27 03:22:23,2018-07-27 03:22:23,14.163.130.241,MS-DS Attack,1
2018-07-26 18:18:09,2018-07-26 18:18:09,222.254.28.196,SSH Brute Force,1
2018-07-26 23:14:28,2018-07-26 23:14:28,189.78.142.11,Proxy Scan,1
2018-07-26 23:09:27,2018-07-26 23:09:27,191.97.32.145,Proxy Scan,1
2018-07-26 19:04:03,2018-07-26 19:04:03,196.118.126.101,Unclassified,1
2018-07-27 03:50:08,2018-07-27 03:50:08,14.162.177.7,MS-DS Attack,1
2018-07-26 20:21:16,2018-07-26 20:21:16,52.53.175.54,Unclassified,1
2018-07-26 21:35:57,2018-07-26 21:35:57,191.242.247.222,Telnet,1
2018-07-26 21:50:22,2018-07-26 21:50:22,37.244.182.0,Unclassified,1
2018-07-26 21:45:36,2018-07-26 21:45:36,187.101.168.245,Telnet,1
2018-07-26 23:58:13,2018-07-26 23:58:13,2.187.241.88,Unclassified,1
2018-07-26 21:09:35,2018-07-26 21:09:35,42.56.90.161,Proxy Scan,1
2018-07-26 21:00:54,2018-07-26 21:00:54,222.93.9.207,Telnet,1
2018-07-26 23:59:01,2018-07-26 23:59:01,191.17.37.251,Telnet,1
2018-07-26 20:20:55,2018-07-26 20:20:55,189.163.180.97,Proxy Scan,1
2018-07-26 19:51:24,2018-07-26 19:51:24,223.79.110.101,Telnet,1
2018-07-26 20:55:04,2018-07-26 20:55:04,49.72.150.85,MS-SQL Attack,1
2018-07-26 20:16:18,2018-07-26 20:16:18,185.249.230.199,Proxy Scan,1
2018-07-26 18:18:20,2018-07-26 18:18:20,42.225.31.62,Telnet,1
2018-07-26 21:52:48,2018-07-26 21:52:48,46.166.133.185,Unclassified,1
2018-07-26 19:12:25,2018-07-26 19:12:25,41.47.2.216,Telnet,1
2018-07-26 19:22:31,2018-07-26 19:22:31,41.236.43.122,Telnet,1
2018-07-26 18:26:48,2018-07-26 18:26:48,187.102.57.59,Telnet,1
2018-07-26 23:55:59,2018-07-26 23:55:59,222.89.240.175,MS-SQL Attack,1
2018-07-26 19:17:18,2018-07-26 19:17:18,60.7.15.31,Unclassified,1
2018-07-27 00:26:17,2018-07-27 00:26:17,141.196.197.127,Unclassified,1
2018-07-26 20:25:09,2018-07-26 20:25:09,210.186.109.56,Unclassified,1
2018-07-26 22:54:28,2018-07-26 22:54:28,24.44.152.246,Telnet,1
2018-07-26 22:58:35,2018-07-26 22:58:35,41.35.54.167,Telnet,1
2018-07-26 19:47:28,2018-07-26 19:47:28,41.45.187.3,Telnet,1
2018-07-27 04:29:57,2018-07-27 04:29:57,140.213.3.152,MS-DS Attack,1
2018-07-26 23:09:11,2018-07-26 23:09:11,222.187.25.210,MS-SQL Attack,1
2018-07-26 19:03:16,2018-07-26 19:03:16,189.18.181.109,Telnet,1
2018-07-26 23:03:38,2018-07-26 23:03:38,60.214.228.138,MS-SQL Attack,1
2018-07-26 18:51:16,2018-07-26 18:51:16,41.238.68.196,Telnet,1
2018-07-26 22:58:57,2018-07-26 22:58:57,221.220.99.35,MS-SQL Attack,1
2018-07-27 05:59:04,2018-07-27 05:59:04,138.122.35.71,Telnet,1
2018-07-27 03:06:33,2018-07-27 03:06:33,138.0.91.9,MS-DS Attack,1
2018-07-26 23:37:28,2018-07-26 23:37:28,36.80.132.148,Unclassified,1
2018-07-26 19:28:47,2018-07-26 19:28:47,41.113.92.76,Unclassified,1
2018-07-27 00:00:02,2018-07-27 00:00:02,136.169.200.170,MS-DS Attack,1
2018-07-27 02:23:47,2018-07-27 02:23:47,134.255.135.218,MS-DS Attack,1
2018-07-26 22:06:10,2018-07-26 22:06:10,39.168.113.95,Unclassified,1
2018-07-26 18:59:34,2018-07-26 18:59:34,194.132.210.46,Proxy Scan,1
2018-07-26 20:47:31,2018-07-26 20:47:31,180.251.195.105,Proxy Scan,1
2018-07-27 04:33:43,2018-07-27 04:33:43,134.17.142.121,MS-DS Attack,1
2018-07-26 23:08:22,2018-07-26 23:08:22,50.17.41.239,Proxy Scan,1
2018-07-26 22:58:13,2018-07-26 22:58:13,36.182.89.17,Telnet,1
2018-07-27 00:59:13,2018-07-27 00:59:13,133.162.81.71,Telnet,1
2018-07-26 21:43:57,2018-07-26 21:43:57,187.74.2.156,Proxy Scan,1
2018-07-26 22:43:39,2018-07-26 22:43:39,187.188.49.67,MS-DS Attack,1
2018-07-26 21:25:50,2018-07-26 21:25:50,37.57.55.50,Proxy Scan,1
2018-07-26 20:19:59,2018-07-26 20:19:59,178.245.196.134,Unclassified,1
2018-07-27 01:45:23,2018-07-27 01:45:23,128.73.14.131,MS-DS Attack,1
2018-07-26 21:23:03,2018-07-26 21:23:03,49.51.48.49,Telnet,1
2018-07-26 20:41:40,2018-07-26 20:41:40,211.36.147.212,Unclassified,1
2018-07-26 23:31:36,2018-07-26 23:31:36,187.75.38.75,Proxy Scan,1
2018-07-27 05:47:31,2018-07-27 05:47:31,125.24.154.106,MS-DS Attack,1
2018-07-26 22:31:22,2018-07-26 22:31:22,218.85.203.186,Telnet,1
2018-07-26 22:43:06,2018-07-26 22:43:06,36.106.64.217,MS-SQL Attack,1
2018-07-27 04:46:50,2018-07-27 04:46:50,85.102.43.19,MS-DS Attack,1
2018-07-26 22:20:28,2018-07-26 22:20:28,201.68.26.51,Telnet,1
2018-07-26 18:35:50,2018-07-26 18:35:50,179.181.128.128,Unclassified,1
2018-07-26 18:49:42,2018-07-26 18:49:42,31.4.135.141,Unclassified,1
2018-07-26 20:02:07,2018-07-26 20:02:07,196.67.176.193,Unclassified,1
2018-07-26 23:41:02,2018-07-26 23:41:02,54.67.7.177,Proxy Scan,1
2018-07-26 18:53:47,2018-07-26 18:53:47,211.36.149.225,Unclassified,1
2018-07-26 18:01:09,2018-07-26 18:01:09,187.190.251.110,MS-DS Attack,1
2018-07-26 22:54:21,2018-07-26 22:54:21,27.184.200.25,MS-SQL Attack,1
2018-07-26 21:42:22,2018-07-26 21:42:22,41.47.11.170,Telnet,1
2018-07-27 04:43:37,2018-07-27 04:43:37,83.185.181.172,Unclassified,1
2018-07-26 20:09:57,2018-07-26 20:09:57,201.95.50.33,Proxy Scan,1
2018-07-27 02:56:02,2018-07-27 02:56:02,125.167.112.9,MS-DS Attack,1
2018-07-27 05:38:32,2018-07-27 05:38:32,125.165.124.170,MS-DS Attack,1
2018-07-26 18:32:13,2018-07-26 18:32:13,2.182.228.38,Telnet,1
2018-07-27 04:51:58,2018-07-27 04:51:58,125.164.235.76,MS-DS Attack,1
2018-07-26 22:08:37,2018-07-26 22:08:37,41.84.243.123,Telnet,1
2018-07-26 21:19:59,2018-07-26 21:19:59,187.10.215.84,Proxy Scan,1
2018-07-27 01:38:47,2018-07-27 01:38:47,110.24.32.148,Unclassified,1
2018-07-27 04:40:14,2018-07-27 04:40:14,125.162.12.174,MS-DS Attack,1
2018-07-26 19:20:36,2018-07-26 19:20:36,211.36.157.254,Unclassified,1
2018-07-27 04:36:14,2018-07-27 04:36:14,125.162.103.173,MS-DS Attack,1
2018-07-27 05:42:32,2018-07-27 05:42:32,125.161.186.105,MS-DS Attack,1
2018-07-26 19:13:36,2018-07-26 19:13:36,2.96.14.52,Proxy Scan,1
2018-07-26 23:47:48,2018-07-26 23:47:48,211.141.74.50,Unclassified,1
2018-07-26 19:01:46,2018-07-26 19:01:46,187.74.191.178,Telnet,1
2018-07-26 21:42:45,2018-07-26 21:42:45,41.238.160.41,Telnet,1
2018-07-26 19:14:53,2018-07-26 19:14:53,201.68.135.102,Proxy Scan,1
2018-07-26 22:33:40,2018-07-26 22:33:40,27.214.104.148,MS-SQL Attack,1
2018-07-26 22:40:00,2018-07-26 22:40:00,27.19.8.118,Socks Scan,1
2018-07-26 20:31:53,2018-07-26 20:31:53,41.239.247.74,Telnet,1
2018-07-26 18:47:39,2018-07-26 18:47:39,39.34.214.12,Proxy Scan,1
2018-07-26 19:03:57,2018-07-26 19:03:57,211.36.137.99,Unclassified,1
2018-07-26 23:11:46,2018-07-26 23:11:46,212.69.138.236,Proxy Scan,1
2018-07-26 23:03:44,2018-07-26 23:03:44,201.93.114.79,Proxy Scan,1
2018-07-26 18:14:45,2018-07-26 18:14:45,202.62.51.18,Proxy Scan,1
2018-07-26 21:04:09,2018-07-26 21:04:09,201.47.148.178,Telnet,1
2018-07-26 22:43:01,2018-07-26 22:43:01,27.19.227.176,MS-SQL Attack,1
2018-07-26 19:09:56,2018-07-26 19:09:56,201.95.195.241,Proxy Scan,1
2018-07-27 05:52:15,2018-07-27 05:52:15,123.27.82.166,MS-DS Attack,1
2018-07-26 23:48:45,2018-07-26 23:48:45,211.36.146.18,Unclassified,1
2018-07-27 01:53:30,2018-07-27 01:53:30,123.27.200.106,MS-DS Attack,1
2018-07-26 22:54:49,2018-07-26 22:54:49,218.69.147.210,Telnet,1
2018-07-26 21:16:42,2018-07-26 21:16:42,177.156.87.106,Telnet,1
2018-07-26 19:52:04,2018-07-26 19:52:04,196.79.64.76,Unclassified,1
2018-07-26 22:30:10,2018-07-26 22:30:10,213.207.249.23,Proxy Scan,1
2018-07-26 22:33:47,2018-07-26 22:33:47,185.158.175.96,Proxy Scan,1
2018-07-26 19:43:49,2018-07-26 19:43:49,201.1.221.198,Telnet,1
2018-07-26 23:32:54,2018-07-26 23:32:54,2.183.145.220,Telnet,1
2018-07-27 03:41:23,2018-07-27 03:41:23,123.24.126.240,MS-DS Attack,1
2018-07-26 21:13:01,2018-07-26 21:13:01,177.130.141.154,Proxy Scan,1
2018-07-26 21:27:19,2018-07-26 21:27:19,211.36.153.247,Unclassified,1
2018-07-27 05:56:15,2018-07-27 05:56:15,123.195.69.132,MS-DS Attack,1
2018-07-26 23:21:36,2018-07-26 23:21:36,201.210.94.30,Telnet,1
2018-07-27 04:56:00,2018-07-27 04:56:00,123.19.211.141,MS-DS Attack,1
2018-07-26 23:38:01,2018-07-26 23:38:01,201.161.129.243,Unclassified,1
2018-07-26 20:51:01,2018-07-26 20:51:01,178.245.143.174,Unclassified,1
2018-07-26 19:32:48,2018-07-26 19:32:48,201.27.182.102,Telnet,1
2018-07-26 21:25:58,2018-07-26 21:25:58,180.246.42.150,Proxy Scan,1
2018-07-27 05:30:33,2018-07-27 05:30:33,123.17.86.122,MS-DS Attack,1
2018-07-27 02:40:52,2018-07-27 02:40:52,123.17.30.195,MS-DS Attack,1
2018-07-27 04:50:35,2018-07-27 04:50:35,123.17.101.90,MS-DS Attack,1
2018-07-26 21:45:29,2018-07-26 21:45:29,39.129.98.117,Telnet,1
2018-07-26 22:38:25,2018-07-26 22:38:25,37.215.151.107,SSH Brute Force,1
2018-07-26 22:42:42,2018-07-26 22:42:42,211.36.146.150,Unclassified,1
2018-07-26 18:10:23,2018-07-26 18:10:23,185.107.80.86,RDP Attack,1
2018-07-26 18:56:30,2018-07-26 18:56:30,211.36.137.64,Unclassified,1
2018-07-26 23:10:08,2018-07-26 23:10:08,211.36.131.229,Unclassified,1
2018-07-26 23:52:16,2018-07-26 23:52:16,210.113.212.124,Telnet,1
2018-07-26 20:52:41,2018-07-26 20:52:41,201.13.24.132,Proxy Scan,1
2018-07-26 22:26:06,2018-07-26 22:26:06,180.246.176.125,Proxy Scan,1
2018-07-26 18:49:41,2018-07-26 18:49:41,199.192.213.240,Telnet,1
2018-07-26 23:22:11,2018-07-26 23:22:11,177.95.22.35,Telnet,1
2018-07-26 22:10:44,2018-07-26 22:10:44,176.237.48.239,Unclassified,1
2018-07-26 22:09:33,2018-07-26 22:09:33,196.117.12.166,Unclassified,1
2018-07-26 20:43:50,2018-07-26 20:43:50,191.5.190.54,Proxy Scan,1
2018-07-27 01:25:27,2018-07-27 01:25:27,176.65.192.189,Telnet,1
2018-07-26 20:48:48,2018-07-26 20:48:48,41.233.146.235,SSH Brute Force,1
2018-07-26 18:31:28,2018-07-26 18:31:28,197.43.144.6,Telnet,1
2018-07-27 02:18:44,2018-07-27 02:18:44,52.43.175.33,Unclassified,1
2018-07-26 20:34:47,2018-07-26 20:34:47,213.0.2.97,Telnet,1
2018-07-26 20:50:56,2018-07-26 20:50:56,206.51.164.138,Telnet,1
2018-07-26 20:18:53,2018-07-26 20:18:53,222.190.193.124,Unclassified,1
2018-07-26 18:52:10,2018-07-26 18:52:10,177.251.139.216,Telnet,1
2018-07-27 05:14:53,2018-07-27 05:14:53,105.225.103.183,MS-DS Attack,1
2018-07-26 20:47:46,2018-07-26 20:47:46,201.49.231.51,Telnet,1
2018-07-26 18:56:17,2018-07-26 18:56:17,179.111.121.66,Telnet,1
2018-07-26 21:40:42,2018-07-26 21:40:42,180.122.66.46,Unclassified,1
2018-07-26 18:33:44,2018-07-26 18:33:44,172.58.97.4,Unclassified,1
2018-07-27 02:33:06,2018-07-27 02:33:06,122.121.87.11,MS-DS Attack,1
2018-07-27 04:37:56,2018-07-27 04:37:56,122.121.203.229,Unclassified,1
2018-07-27 04:55:44,2018-07-27 04:55:44,176.239.66.233,Unclassified,1
2018-07-26 20:53:39,2018-07-26 20:53:39,191.19.71.232,Telnet,1
2018-07-26 18:43:12,2018-07-26 18:43:12,200.196.45.195,Telnet,1
2018-07-26 21:40:49,2018-07-26 21:40:49,191.34.114.207,Telnet,1
2018-07-26 19:47:05,2018-07-26 19:47:05,180.251.221.181,Proxy Scan,1
2018-07-26 18:22:51,2018-07-26 18:22:51,191.102.56.254,Proxy Scan,1
2018-07-26 21:35:49,2018-07-26 21:35:49,220.246.160.39,Unclassified,1
2018-07-26 22:16:53,2018-07-26 22:16:53,188.58.194.67,Unclassified,1
2018-07-26 21:31:42,2018-07-26 21:31:42,181.192.78.22,Proxy Scan,1
2018-07-26 19:26:41,2018-07-26 19:26:41,200.216.170.234,Telnet,1
2018-07-26 22:41:15,2018-07-26 22:41:15,191.97.43.74,Proxy Scan,1
2018-07-26 19:09:18,2018-07-26 19:09:18,192.253.208.25,Proxy Scan,1
2018-07-26 23:14:14,2018-07-26 23:14:14,37.63.159.194,Proxy Scan,1
2018-07-26 18:27:48,2018-07-26 18:27:48,195.3.235.71,Proxy Scan,1
2018-07-26 23:51:34,2018-07-26 23:51:34,222.85.238.221,Mirai,1
2018-07-26 23:25:40,2018-07-26 23:25:40,178.87.137.121,Unclassified,1
2018-07-26 20:04:06,2018-07-26 20:04:06,180.246.237.25,Telnet,1
2018-07-27 02:35:11,2018-07-27 02:35:11,1.20.255.23,MS-DS Attack,1
2018-07-26 18:31:41,2018-07-26 18:31:41,201.68.101.13,Proxy Scan,1
2018-07-26 23:45:08,2018-07-26 23:45:08,189.203.9.171,MS-DS Attack,1
2018-07-27 03:50:41,2018-07-27 03:50:41,1.20.223.216,MS-DS Attack,1
2018-07-26 23:20:15,2018-07-26 23:20:15,201.26.78.84,Proxy Scan,1
2018-07-26 21:38:42,2018-07-26 21:38:42,191.19.50.40,Telnet,1
2018-07-26 19:38:31,2018-07-26 19:38:31,190.8.32.209,Unclassified,1
2018-07-26 19:17:41,2018-07-26 19:17:41,178.214.2.197,Telnet,1
2018-07-27 02:58:23,2018-07-27 02:58:23,1.197.130.42,MS-DS Attack,1
2018-07-26 23:38:08,2018-07-26 23:38:08,189.79.251.241,Telnet,1
2018-07-26 18:06:08,2018-07-26 18:06:08,189.159.35.170,Telnet,1
2018-07-27 02:06:53,2018-07-27 02:06:53,119.40.103.188,MS-DS Attack,1
2018-07-26 21:39:20,2018-07-26 21:39:20,201.57.59.5,Telnet,1
2018-07-26 19:31:08,2018-07-26 19:31:08,191.8.109.75,Telnet,1
2018-07-26 23:24:01,2018-07-26 23:24:01,191.17.104.4,Proxy Scan,1
2018-07-26 22:41:57,2018-07-26 22:41:57,211.36.149.174,Unclassified,1
2018-07-26 21:26:09,2018-07-26 21:26:09,178.245.239.124,Unclassified,1
2018-07-26 21:44:00,2018-07-26 21:44:00,31.217.214.153,Telnet,1
2018-07-26 21:40:24,2018-07-26 21:40:24,189.145.117.181,RDP Attack,1
2018-07-26 22:15:14,2018-07-26 22:15:14,42.236.145.16,Unclassified,1
2018-07-26 23:05:56,2018-07-26 23:05:56,212.86.40.0,Proxy Scan,1
2018-07-26 20:23:56,2018-07-26 20:23:56,190.183.255.18,Telnet,1
2018-07-26 19:15:21,2018-07-26 19:15:21,207.164.159.99,Telnet,1
2018-07-26 19:16:31,2018-07-26 19:16:31,188.75.122.224,Proxy Scan,1
2018-07-26 19:01:51,2018-07-26 19:01:51,178.128.78.187,Unclassified,1
2018-07-27 04:43:21,2018-07-27 04:43:21,119.123.227.154,MS-DS Attack,1
2018-07-26 18:39:48,2018-07-26 18:39:48,31.200.32.35,Proxy Scan,1
2018-07-26 22:40:14,2018-07-26 22:40:14,190.136.110.1,Unclassified,1
2018-07-27 00:01:24,2018-07-27 00:01:24,118.97.13.147,MS-DS Attack,1
2018-07-27 02:51:05,2018-07-27 02:51:05,118.71.89.112,MS-DS Attack,1
2018-07-26 20:21:23,2018-07-26 20:21:23,189.49.210.40,Proxy Scan,1
2018-07-26 22:54:40,2018-07-26 22:54:40,177.9.244.99,Proxy Scan,1
2018-07-26 23:04:03,2018-07-26 23:04:03,175.148.58.40,Telnet,1
2018-07-27 05:21:58,2018-07-27 05:21:58,171.207.106.13,MS-DS Attack,1
2018-07-27 02:41:04,2018-07-27 02:41:04,118.70.82.2,MS-DS Attack,1
2018-07-26 20:35:30,2018-07-26 20:35:30,177.207.127.171,Telnet,1
2018-07-26 20:03:45,2018-07-26 20:03:45,193.14.244.106,Unclassified,1
2018-07-26 20:31:45,2018-07-26 20:31:45,194.15.124.3,Telnet,1
2018-07-26 19:55:28,2018-07-26 19:55:28,189.0.44.40,Telnet,1
2018-07-26 19:38:36,2018-07-26 19:38:36,201.92.231.96,Telnet,1
2018-07-26 23:27:20,2018-07-26 23:27:20,2.182.233.172,Telnet,1
2018-07-26 23:44:54,2018-07-26 23:44:54,188.120.198.62,Telnet,1
2018-07-26 22:01:48,2018-07-26 22:01:48,197.51.143.87,SSH Brute Force,1
2018-07-26 19:38:41,2018-07-26 19:38:41,189.11.22.212,Telnet,1
2018-07-26 21:42:20,2018-07-26 21:42:20,186.213.9.192,Telnet,1
2018-07-27 01:14:29,2018-07-27 01:14:29,91.0.235.153,Telnet,1
2018-07-26 23:40:18,2018-07-26 23:40:18,223.206.163.213,Telnet,1
2018-07-26 22:27:43,2018-07-26 22:27:43,191.193.79.223,Telnet,1
2018-07-26 22:10:40,2018-07-26 22:10:40,211.36.149.192,Unclassified,1
2018-07-26 18:03:24,2018-07-26 18:03:24,177.86.207.211,Telnet,1
2018-07-26 23:31:03,2018-07-26 23:31:03,185.236.217.196,Telnet,1
2018-07-26 20:11:36,2018-07-26 20:11:36,191.23.164.221,SSH Brute Force,1
2018-07-26 18:46:00,2018-07-26 18:46:00,177.197.107.240,Unclassified,1
2018-07-26 23:26:28,2018-07-26 23:26:28,206.81.4.120,Unclassified,1
2018-07-26 18:01:57,2018-07-26 18:01:57,176.239.82.51,Unclassified,1
2018-07-26 22:55:14,2018-07-26 22:55:14,177.84.41.97,Proxy Scan,1
2018-07-26 23:31:12,2018-07-26 23:31:12,172.58.225.143,Unclassified,1
2018-07-26 19:47:08,2018-07-26 19:47:08,2.183.29.98,Telnet,1
2018-07-27 02:13:24,2018-07-27 02:13:24,41.45.11.89,Telnet,1
2018-07-26 19:01:41,2018-07-26 19:01:41,187.56.38.14,Unclassified,1
2018-07-26 23:26:06,2018-07-26 23:26:06,191.254.165.63,Proxy Scan,1
2018-07-27 00:31:53,2018-07-27 00:31:53,41.41.3.6,Proxy Scan,1
2018-07-26 22:53:24,2018-07-26 22:53:24,195.13.204.169,Proxy Scan,1
2018-07-27 02:40:14,2018-07-27 02:40:14,87.222.51.178,Telnet,1
2018-07-26 20:16:14,2018-07-26 20:16:14,27.131.163.121,RDP Attack,1
2018-07-26 23:39:21,2018-07-26 23:39:21,206.81.1.167,Unclassified,1
2018-07-27 02:04:16,2018-07-27 02:04:16,41.238.22.211,Telnet,1
2018-07-26 20:20:07,2018-07-26 20:20:07,185.72.24.126,Proxy Scan,1
2018-07-26 18:01:42,2018-07-26 18:01:42,172.58.41.250,Unclassified,1
2018-07-27 03:14:30,2018-07-27 03:14:30,118.68.61.70,MS-DS Attack,1
2018-07-26 20:11:20,2018-07-26 20:11:20,191.8.82.14,Proxy Scan,1
2018-07-26 19:41:43,2018-07-26 19:41:43,222.108.3.32,Unclassified,1
2018-07-26 18:01:00,2018-07-26 18:01:00,191.205.213.253,Telnet,1
2018-07-26 18:07:32,2018-07-26 18:07:32,189.18.52.193,Telnet,1
2018-07-26 18:36:44,2018-07-26 18:36:44,187.226.187.193,Telnet,1
2018-07-27 04:51:10,2018-07-27 04:51:10,118.174.126.40,MS-DS Attack,1
2018-07-27 00:24:56,2018-07-27 00:24:56,78.106.1.107,MS-DS Attack,1
2018-07-26 21:17:55,2018-07-26 21:17:55,172.56.7.204,Unclassified,1
2018-07-27 05:10:27,2018-07-27 05:10:27,118.169.149.173,MS-DS Attack,1
2018-07-26 23:19:05,2018-07-26 23:19:05,187.74.58.54,Proxy Scan,1
2018-07-27 04:48:02,2018-07-27 04:48:02,118.167.76.92,MS-DS Attack,1
2018-07-26 21:15:32,2018-07-26 21:15:32,201.23.140.8,Proxy Scan,1
2018-07-27 05:14:57,2018-07-27 05:14:57,95.53.124.36,Telnet,1
2018-07-26 20:08:13,2018-07-26 20:08:13,191.37.129.177,Proxy Scan,1
2018-07-26 21:05:30,2018-07-26 21:05:30,222.135.56.55,Telnet,1
2018-07-26 18:18:48,2018-07-26 18:18:48,187.101.65.113,Telnet,1
2018-07-26 22:16:13,2018-07-26 22:16:13,201.93.126.211,Proxy Scan,1
2018-07-27 00:08:53,2018-07-27 00:08:53,118.161.185.2,MS-DS Attack,1
2018-07-26 18:55:39,2018-07-26 18:55:39,193.15.165.142,Unclassified,1
2018-07-27 03:26:14,2018-07-27 03:26:14,117.61.5.155,MS-DS Attack,1
2018-07-26 19:06:09,2018-07-26 19:06:09,187.57.243.58,Proxy Scan,1
2018-07-27 05:30:05,2018-07-27 05:30:05,36.77.110.54,MS-DS Attack,1
2018-07-27 01:30:43,2018-07-27 01:30:43,117.61.144.110,MS-DS Attack,1
2018-07-26 21:09:42,2018-07-26 21:09:42,190.109.177.121,Telnet,1
2018-07-26 21:50:13,2018-07-26 21:50:13,190.182.126.66,Telnet,1
2018-07-26 20:04:04,2018-07-26 20:04:04,193.112.222.79,Telnet,1
2018-07-26 22:09:27,2018-07-26 22:09:27,197.242.11.60,Unclassified,1
2018-07-26 23:24:45,2018-07-26 23:24:45,200.158.181.170,Telnet,1
2018-07-27 03:41:45,2018-07-27 03:41:45,36.65.112.20,MS-DS Attack,1
2018-07-27 04:58:40,2018-07-27 04:58:40,117.4.246.165,MS-DS Attack,1
2018-07-26 20:43:12,2018-07-26 20:43:12,189.110.105.18,Proxy Scan,1
2018-07-26 22:58:11,2018-07-26 22:58:11,197.39.39.36,SSH Brute Force,1
2018-07-27 05:43:26,2018-07-27 05:43:26,34.218.60.67,Proxy Scan,1
2018-07-26 20:22:14,2018-07-26 20:22:14,200.148.102.49,Proxy Scan,1
2018-07-27 05:46:59,2018-07-27 05:46:59,83.226.190.2,Unclassified,1
2018-07-26 21:08:04,2018-07-26 21:08:04,189.69.250.129,Telnet,1
2018-07-26 22:09:33,2018-07-26 22:09:33,189.68.203.234,Proxy Scan,1
2018-07-26 19:43:20,2018-07-26 19:43:20,186.61.190.81,Telnet,1
2018-07-26 21:21:45,2018-07-26 21:21:45,189.99.4.229,SSH Brute Force,1
2018-07-26 20:05:14,2018-07-26 20:05:14,186.101.232.116,SSH Brute Force,1
2018-07-26 22:32:00,2018-07-26 22:32:00,196.82.71.77,Unclassified,1
2018-07-26 20:37:56,2018-07-26 20:37:56,172.56.40.230,Unclassified,1
2018-07-27 05:27:58,2018-07-27 05:27:58,1.173.137.242,MS-DS Attack,1
2018-07-27 05:48:45,2018-07-27 05:48:45,54.183.100.159,Proxy Scan,1
2018-07-26 20:55:38,2018-07-26 20:55:38,186.65.80.196,Proxy Scan,1
2018-07-26 23:49:02,2018-07-26 23:49:02,172.58.38.250,Unclassified,1
2018-07-26 23:49:24,2018-07-26 23:49:24,216.18.255.45,Telnet,1
2018-07-26 21:58:24,2018-07-26 21:58:24,189.68.229.148,Proxy Scan,1
2018-07-26 19:50:20,2018-07-26 19:50:20,172.56.35.64,Unclassified,1
2018-07-27 05:34:43,2018-07-27 05:34:43,27.59.154.19,MS-DS Attack,1
2018-07-26 20:39:45,2018-07-26 20:39:45,189.18.76.79,Proxy Scan,1
2018-07-27 01:41:14,2018-07-27 01:41:14,117.232.78.33,MS-DS Attack,1
2018-07-26 21:27:54,2018-07-26 21:27:54,187.35.247.127,Telnet,1
2018-07-26 18:35:19,2018-07-26 18:35:19,185.208.148.10,Proxy Scan,1
2018-07-27 03:31:35,2018-07-27 03:31:35,222.252.16.151,MS-DS Attack,1
2018-07-26 23:15:50,2018-07-26 23:15:50,210.195.75.251,Telnet,1
2018-07-26 21:17:37,2018-07-26 21:17:37,188.166.3.51,SSH Brute Force,1
2018-07-26 22:31:18,2018-07-26 22:31:18,186.188.60.30,Proxy Scan,1
2018-07-26 19:33:54,2018-07-26 19:33:54,187.102.57.119,Telnet,1
2018-07-26 22:15:20,2018-07-26 22:15:20,189.18.39.13,Telnet,1
2018-07-26 22:37:24,2018-07-26 22:37:24,170.84.128.53,Telnet,1
2018-07-27 00:13:33,2018-07-27 00:13:33,5.115.51.13,MS-DS Attack,1
2018-07-27 03:40:19,2018-07-27 03:40:19,117.196.12.17,MS-DS Attack,1
2018-07-26 18:13:34,2018-07-26 18:13:34,186.233.181.10,Proxy Scan,1
2018-07-26 19:42:38,2018-07-26 19:42:38,212.24.156.242,SSH Brute Force,1
2018-07-26 23:06:07,2018-07-26 23:06:07,191.242.245.212,Proxy Scan,1
2018-07-27 05:25:32,2018-07-27 05:25:32,1.171.201.20,MS-DS Attack,1
2018-07-26 23:02:24,2018-07-26 23:02:24,177.94.127.76,Telnet,1
2018-07-26 20:21:48,2018-07-26 20:21:48,182.106.80.16,MySQL Attack,1
2018-07-27 05:52:22,2018-07-27 05:52:22,117.0.209.68,MS-DS Attack,1
2018-07-26 20:17:59,2018-07-26 20:17:59,185.154.89.10,Proxy Scan,1
2018-07-26 23:05:34,2018-07-26 23:05:34,189.110.33.98,Proxy Scan,1
2018-07-26 23:22:57,2018-07-26 23:22:57,177.133.177.207,Telnet,1
2018-07-27 04:28:11,2018-07-27 04:28:11,1.169.112.236,MS-DS Attack,1
2018-07-26 18:21:53,2018-07-26 18:21:53,206.190.219.180,Telnet,1
2018-07-27 03:50:46,2018-07-27 03:50:46,116.58.232.236,MS-DS Attack,1
2018-07-27 04:12:17,2018-07-27 04:12:17,49.51.138.168,Telnet,1
2018-07-26 23:24:21,2018-07-26 23:24:21,188.58.200.161,Unclassified,1
2018-07-27 03:38:45,2018-07-27 03:38:45,47.96.135.246,Unclassified,1
2018-07-26 21:14:56,2018-07-26 21:14:56,191.242.245.210,Telnet,1
2018-07-27 04:12:30,2018-07-27 04:12:30,1.161.62.16,MS-DS Attack,1
2018-07-27 05:00:27,2018-07-27 05:00:27,1.161.177.10,MS-DS Attack,1
2018-07-26 22:30:55,2018-07-26 22:30:55,185.201.51.63,Telnet,1
2018-07-27 03:28:39,2018-07-27 03:28:39,116.111.87.5,MS-DS Attack,1
2018-07-26 21:10:42,2018-07-26 21:10:42,183.132.232.246,MS-SQL Attack,1
2018-07-27 04:31:01,2018-07-27 04:31:01,116.111.16.71,MS-DS Attack,1
2018-07-26 23:31:37,2018-07-26 23:31:37,188.136.210.64,Proxy Scan,1
2018-07-27 03:17:27,2018-07-27 03:17:27,116.111.124.109,MS-DS Attack,1
2018-07-26 20:36:55,2018-07-26 20:36:55,187.101.142.166,Proxy Scan,1
2018-07-27 05:06:08,2018-07-27 05:06:08,116.110.6.119,MS-DS Attack,1
2018-07-26 22:55:50,2018-07-26 22:55:50,189.234.215.219,Unclassified,1
2018-07-26 18:46:07,2018-07-26 18:46:07,189.213.44.165,Telnet,1
2018-07-26 20:05:30,2018-07-26 20:05:30,191.8.1.152,Proxy Scan,1
2018-07-27 00:51:30,2018-07-27 00:51:30,1.160.78.104,MS-DS Attack,1
2018-07-26 21:17:56,2018-07-26 21:17:56,190.38.186.56,Unclassified,1
2018-07-27 01:36:04,2018-07-27 01:36:04,116.0.54.20,MS-DS Attack,1
2018-07-27 03:19:46,2018-07-27 03:19:46,42.201.189.253,Telnet,1
2018-07-26 20:28:32,2018-07-26 20:28:32,185.141.39.29,Proxy Scan,1
2018-07-26 21:45:33,2018-07-26 21:45:33,179.99.33.165,Telnet,1
2018-07-26 19:18:55,2018-07-26 19:18:55,182.38.69.131,Unclassified,1
2018-07-26 21:39:01,2018-07-26 21:39:01,195.191.215.162,Telnet,1
2018-07-27 03:35:03,2018-07-27 03:35:03,42.117.14.229,MS-DS Attack,1
2018-07-26 23:25:52,2018-07-26 23:25:52,191.23.36.62,Proxy Scan,1
2018-07-26 21:05:43,2018-07-26 21:05:43,180.248.215.4,Unclassified,1
2018-07-26 23:18:44,2018-07-26 23:18:44,180.252.216.232,Telnet,1
2018-07-26 22:06:15,2018-07-26 22:06:15,178.245.224.141,Unclassified,1
2018-07-26 19:41:36,2018-07-26 19:41:36,190.31.80.94,SSH Brute Force,1
2018-07-26 21:35:16,2018-07-26 21:35:16,186.212.82.165,Unclassified,1
2018-07-26 19:17:17,2018-07-26 19:17:17,187.58.227.28,Telnet,1
2018-07-26 20:13:04,2018-07-26 20:13:04,190.172.45.165,Telnet,1
2018-07-26 21:36:42,2018-07-26 21:36:42,172.58.232.93,Unclassified,1
2018-07-26 23:29:40,2018-07-26 23:29:40,185.10.204.157,Proxy Scan,1
2018-07-27 05:19:52,2018-07-27 05:19:52,14.185.72.255,MS-DS Attack,1
2018-07-26 23:03:11,2018-07-26 23:03:11,201.20.216.141,Telnet,1
2018-07-26 20:51:57,2018-07-26 20:51:57,180.113.10.198,Unclassified,1
2018-07-26 22:10:08,2018-07-26 22:10:08,189.232.71.118,Unclassified,1
2018-07-27 00:41:35,2018-07-27 00:41:35,78.157.233.61,MS-DS Attack,1
2018-07-26 19:24:49,2018-07-26 19:24:49,178.253.44.253,Proxy Scan,1
2018-07-26 21:25:08,2018-07-26 21:25:08,188.56.39.254,Unclassified,1
2018-07-27 03:09:11,2018-07-27 03:09:11,36.72.178.56,MS-DS Attack,1
2018-07-27 05:40:03,2018-07-27 05:40:03,52.53.168.182,Proxy Scan,1
2018-07-26 19:17:09,2018-07-26 19:17:09,201.10.92.93,Telnet,1
2018-07-26 22:13:38,2018-07-26 22:13:38,189.79.10.222,Telnet,1
2018-07-27 05:42:23,2018-07-27 05:42:23,36.70.24.228,MS-DS Attack,1
2018-07-26 21:12:16,2018-07-26 21:12:16,200.161.234.2,Telnet,1
2018-07-26 23:59:02,2018-07-26 23:59:02,188.3.214.241,Telnet,1
2018-07-26 19:20:53,2018-07-26 19:20:53,177.193.105.217,Unclassified,1
2018-07-26 18:13:02,2018-07-26 18:13:02,18.212.208.48,Unclassified,1
2018-07-26 23:11:56,2018-07-26 23:11:56,196.68.251.178,Unclassified,1
2018-07-26 18:30:34,2018-07-26 18:30:34,180.175.198.234,Unclassified,1
2018-07-26 22:40:17,2018-07-26 22:40:17,200.153.177.78,Telnet,1
2018-07-26 23:40:33,2018-07-26 23:40:33,186.209.82.58,Telnet,1
2018-07-26 22:22:18,2018-07-26 22:22:18,187.109.113.221,Telnet,1
2018-07-27 02:09:16,2018-07-27 02:09:16,49.51.70.234,Telnet,1
2018-07-27 01:36:22,2018-07-27 01:36:22,115.111.121.201,MS-DS Attack,1
2018-07-26 22:55:54,2018-07-26 22:55:54,177.189.111.161,Telnet,1
2018-07-26 22:27:39,2018-07-26 22:27:39,189.110.94.115,Proxy Scan,1
2018-07-26 21:11:10,2018-07-26 21:11:10,189.38.155.124,Telnet,1
2018-07-27 03:18:33,2018-07-27 03:18:33,114.41.56.41,MS-DS Attack,1
2018-07-27 05:57:56,2018-07-27 05:57:56,14.177.165.161,MS-DS Attack,1
2018-07-26 20:18:29,2018-07-26 20:18:29,172.58.224.240,Unclassified,1
2018-07-27 03:40:45,2018-07-27 03:40:45,114.40.49.228,MS-DS Attack,1
2018-07-26 20:20:43,2018-07-26 20:20:43,200.123.132.105,Proxy Scan,1
2018-07-26 19:05:53,2018-07-26 19:05:53,178.245.164.57,Unclassified,1
2018-07-26 22:43:23,2018-07-26 22:43:23,185.44.69.8,Telnet,1
2018-07-26 20:19:51,2018-07-26 20:19:51,189.250.207.161,Telnet,1
2018-07-26 23:25:31,2018-07-26 23:25:31,156.220.21.164,Telnet,1
2018-07-26 19:27:11,2018-07-26 19:27:11,177.152.75.165,Telnet,1
2018-07-27 00:18:31,2018-07-27 00:18:31,114.26.76.71,MS-DS Attack,1
2018-07-26 18:44:43,2018-07-26 18:44:43,179.110.13.73,Proxy Scan,1
2018-07-26 19:04:32,2018-07-26 19:04:32,177.102.15.89,Proxy Scan,1
2018-07-26 18:52:17,2018-07-26 18:52:17,188.56.192.37,Unclassified,1
2018-07-26 19:18:55,2018-07-26 19:18:55,187.57.110.121,Proxy Scan,1
2018-07-27 04:55:12,2018-07-27 04:55:12,114.24.115.122,MS-DS Attack,1
2018-07-26 20:04:55,2018-07-26 20:04:55,181.198.203.128,SSH Brute Force,1
2018-07-26 18:45:08,2018-07-26 18:45:08,188.240.175.85,SSH Brute Force,1
2018-07-26 23:54:03,2018-07-26 23:54:03,177.68.210.97,Unclassified,1
2018-07-26 20:49:34,2018-07-26 20:49:34,201.43.169.141,Proxy Scan,1
2018-07-27 04:53:49,2018-07-27 04:53:49,89.190.4.42,Proxy Scan,1
2018-07-26 21:37:29,2018-07-26 21:37:29,176.90.64.79,Unclassified,1
2018-07-27 01:56:30,2018-07-27 01:56:30,113.90.236.218,MS-DS Attack,1
2018-07-26 20:35:25,2018-07-26 20:35:25,187.162.249.13,Telnet,1
2018-07-26 19:30:53,2018-07-26 19:30:53,189.68.254.50,Telnet,1
2018-07-26 22:42:09,2018-07-26 22:42:09,156.203.235.244,Telnet,1
2018-07-26 21:36:57,2018-07-26 21:36:57,186.249.215.101,Proxy Scan,1
2018-07-26 23:41:01,2018-07-26 23:41:01,183.89.144.44,Proxy Scan,1
2018-07-27 02:00:25,2018-07-27 02:00:25,113.87.19.244,MS-DS Attack,1
2018-07-27 05:43:17,2018-07-27 05:43:17,113.254.193.62,MS-DS Attack,1
2018-07-27 05:22:54,2018-07-27 05:22:54,41.36.222.251,Telnet,1
2018-07-27 00:57:22,2018-07-27 00:57:22,113.23.72.81,MS-DS Attack,1
2018-07-26 23:09:15,2018-07-26 23:09:15,177.95.32.224,Proxy Scan,1
2018-07-26 20:48:37,2018-07-26 20:48:37,186.47.172.13,SSH Brute Force,1
2018-07-27 03:38:08,2018-07-27 03:38:08,113.23.54.107,MS-DS Attack,1
2018-07-26 18:40:17,2018-07-26 18:40:17,177.106.251.61,Telnet,1
2018-07-26 23:54:58,2018-07-26 23:54:58,189.210.190.54,Telnet,1
2018-07-27 02:04:52,2018-07-27 02:04:52,113.22.59.34,MS-DS Attack,1
2018-07-26 21:33:19,2018-07-26 21:33:19,177.134.196.218,Proxy Scan,1
2018-07-26 22:54:56,2018-07-26 22:54:56,177.45.243.83,Proxy Scan,1
2018-07-27 00:35:11,2018-07-27 00:35:11,204.197.214.196,MS-DS Attack,1
2018-07-26 20:20:54,2018-07-26 20:20:54,177.184.177.224,Telnet,1
2018-07-27 05:51:58,2018-07-27 05:51:58,113.20.100.48,MS-DS Attack,1
2018-07-27 05:12:22,2018-07-27 05:12:22,113.190.60.173,MS-DS Attack,1
2018-07-26 20:53:23,2018-07-26 20:53:23,178.161.102.207,Unclassified,1
2018-07-26 23:44:49,2018-07-26 23:44:49,187.120.141.53,Proxy Scan,1
2018-07-26 20:41:05,2018-07-26 20:41:05,187.101.208.2,Telnet,1
2018-07-26 22:24:31,2018-07-26 22:24:31,187.110.209.163,Telnet,1
2018-07-26 19:14:36,2018-07-26 19:14:36,186.27.242.190,Unclassified,1
2018-07-26 20:31:52,2018-07-26 20:31:52,177.79.82.11,SSH Brute Force,1
2018-07-26 22:58:01,2018-07-26 22:58:01,186.33.185.23,SSH Brute Force,1
2018-07-27 04:39:46,2018-07-27 04:39:46,113.190.185.213,MS-DS Attack,1
2018-07-27 05:44:31,2018-07-27 05:44:31,201.95.189.141,Unclassified,1
2018-07-26 19:45:35,2018-07-26 19:45:35,171.228.192.237,SSH Brute Force,1
2018-07-26 19:52:24,2018-07-26 19:52:24,185.186.49.212,Proxy Scan,1
2018-07-27 05:11:17,2018-07-27 05:11:17,41.184.173.31,Telnet,1
2018-07-27 01:24:36,2018-07-27 01:24:36,113.190.109.88,MS-DS Attack,1
2018-07-26 18:02:21,2018-07-26 18:02:21,176.237.62.230,Unclassified,1
2018-07-26 19:11:44,2018-07-26 19:11:44,176.51.126.158,Proxy Scan,1
2018-07-26 18:28:30,2018-07-26 18:28:30,178.122.215.45,SSH Brute Force,1
2018-07-27 03:45:49,2018-07-27 03:45:49,41.184.173.119,Telnet,1
2018-07-27 05:24:13,2018-07-27 05:24:13,77.217.0.71,Unclassified,1
2018-07-26 21:10:25,2018-07-26 21:10:25,18.212.116.48,Unclassified,1
2018-07-26 20:22:36,2018-07-26 20:22:36,170.84.147.87,Telnet,1
2018-07-26 21:09:03,2018-07-26 21:09:03,173.187.67.214,MS-DS Attack,1
2018-07-26 22:52:07,2018-07-26 22:52:07,186.236.30.121,Proxy Scan,1
2018-07-27 04:06:15,2018-07-27 04:06:15,113.182.242.13,MS-DS Attack,1
2018-07-27 05:44:52,2018-07-27 05:44:52,39.77.59.213,Telnet,1
2018-07-27 04:34:54,2018-07-27 04:34:54,113.181.147.188,MS-DS Attack,1
2018-07-26 20:00:19,2018-07-26 20:00:19,189.47.246.104,Telnet,1
